ISO-10303-21;
HEADER;
FILE_DESCRIPTION (( 'STEP AP214' ),
    '1' );
FILE_NAME ('heatsink.STEP',
    '2026-08-16T04:42:59',
    ( '' ),
    ( '' ),
    'SwSTEP 2.0',
    'SolidWorks 2025',
    '' );
FILE_SCHEMA (( 'AUTOMOTIVE_DESIGN' ));
ENDSEC;

DATA;
#1 = FACE_OUTER_BOUND ( 'NONE', #3649, .T. ) ;
#2 = EDGE_CURVE ( 'NONE', #2433, #1513, #2037, .T. ) ;
#3 = ORIENTED_EDGE ( 'NONE', *, *, #3608, .T. ) ;
#4 = LINE ( 'NONE', #2002, #1963 ) ;
#5 = LINE ( 'NONE', #1503, #1075 ) ;
#6 = DIRECTION ( 'NONE',  ( -0.000000000000000000, -1.000000000000000000, -0.000000000000000000 ) ) ;
#7 = ADVANCED_FACE ( 'NONE', ( #110 ), #2593, .F. ) ;
#8 = LINE ( 'NONE', #579, #691 ) ;
#9 = DIRECTION ( 'NONE',  ( 0.000000000000000000, -1.000000000000000000, 0.000000000000000000 ) ) ;
#10 = DIRECTION ( 'NONE',  ( 0.000000000000000000, 0.000000000000000000, -1.000000000000000000 ) ) ;
#11 = EDGE_LOOP ( 'NONE', ( #2557, #309, #338, #1062 ) ) ;
#12 = ORIENTED_EDGE ( 'NONE', *, *, #1743, .F. ) ;
#13 = ORIENTED_EDGE ( 'NONE', *, *, #2755, .F. ) ;
#14 = CARTESIAN_POINT ( 'NONE',  ( 0.000000000000000000, 5.000000000000000000, -7.500000000000062172 ) ) ;
#15 = VERTEX_POINT ( 'NONE', #1510 ) ;
#16 = DIRECTION ( 'NONE',  ( 0.000000000000000000, 0.000000000000000000, -1.000000000000000000 ) ) ;
#17 = VERTEX_POINT ( 'NONE', #603 ) ;
#18 = FACE_OUTER_BOUND ( 'NONE', #2575, .T. ) ;
#19 = DIRECTION ( 'NONE',  ( 1.000000000000000000, 0.000000000000000000, 0.000000000000000000 ) ) ;
#20 = EDGE_CURVE ( 'NONE', #2711, #3507, #1771, .T. ) ;
#21 = LINE ( 'NONE', #2844, #555 ) ;
#22 = CARTESIAN_POINT ( 'NONE',  ( 4.061152553863087623E-13, 30.00000000000000355, -14.50000000000005507 ) ) ;
#23 = LINE ( 'NONE', #1486, #3213 ) ;
#24 = ADVANCED_FACE ( 'NONE', ( #2615 ), #1213, .F. ) ;
#25 = DIRECTION ( 'NONE',  ( 0.000000000000000000, 0.000000000000000000, -1.000000000000000000 ) ) ;
#26 = CARTESIAN_POINT ( 'NONE',  ( 69.60000000000052012, 30.00000000000000355, -1.500000000000070610 ) ) ;
#27 = VECTOR ( 'NONE', #3523, 1000.000000000000000 ) ;
#28 = VERTEX_POINT ( 'NONE', #1173 ) ;
#29 = EDGE_CURVE ( 'NONE', #931, #326, #2943, .T. ) ;
#30 = DIRECTION ( 'NONE',  ( 0.000000000000000000, -0.000000000000000000, -1.000000000000000000 ) ) ;
#31 = ORIENTED_EDGE ( 'NONE', *, *, #396, .F. ) ;
#32 = CARTESIAN_POINT ( 'NONE',  ( 4.998341604754569538E-13, 30.00000000000000355, -5.500000000000067502 ) ) ;
#33 = ORIENTED_EDGE ( 'NONE', *, *, #3202, .T. ) ;
#34 = VECTOR ( 'NONE', #45, 1000.000000000000000 ) ;
#35 = ORIENTED_EDGE ( 'NONE', *, *, #439, .F. ) ;
#36 = DIRECTION ( 'NONE',  ( 0.000000000000000000, 0.000000000000000000, -1.000000000000000000 ) ) ;
#37 = VECTOR ( 'NONE', #1879, 1000.000000000000000 ) ;
#38 = ORIENTED_EDGE ( 'NONE', *, *, #1974, .T. ) ;
#39 = LINE ( 'NONE', #1181, #3506 ) ;
#40 = DIRECTION ( 'NONE',  ( 0.000000000000000000, 0.000000000000000000, -1.000000000000000000 ) ) ;
#41 =( NAMED_UNIT ( * ) SI_UNIT ( $, .STERADIAN. ) SOLID_ANGLE_UNIT ( ) );
#42 = FACE_OUTER_BOUND ( 'NONE', #546, .T. ) ;
#43 = CARTESIAN_POINT ( 'NONE',  ( 1.563233095506166199E-13, 30.00000000000000355, -37.50000000000002132 ) ) ;
#44 = LINE ( 'NONE', #2089, #3276 ) ;
#45 = DIRECTION ( 'NONE',  ( -0.000000000000000000, -0.000000000000000000, -1.000000000000000000 ) ) ;
#46 = FACE_OUTER_BOUND ( 'NONE', #3189, .T. ) ;
#47 = AXIS2_PLACEMENT_3D ( 'NONE', #984, #426, #2692 ) ;
#48 = AXIS2_PLACEMENT_3D ( 'NONE', #2456, #465, #2526 ) ;
#49 = CARTESIAN_POINT ( 'NONE',  ( 0.000000000000000000, 5.000000000000000000, 0.000000000000000000 ) ) ;
#50 = ADVANCED_FACE ( 'NONE', ( #2354 ), #2928, .F. ) ;
#51 = ORIENTED_EDGE ( 'NONE', *, *, #1060, .F. ) ;
#52 = AXIS2_PLACEMENT_3D ( 'NONE', #2761, #164, #2961 ) ;
#53 = DIRECTION ( 'NONE',  ( 0.000000000000000000, 0.000000000000000000, -1.000000000000000000 ) ) ;
#54 = EDGE_CURVE ( 'NONE', #2232, #2950, #2337, .T. ) ;
#55 = ORIENTED_EDGE ( 'NONE', *, *, #921, .T. ) ;
#56 = VECTOR ( 'NONE', #956, 1000.000000000000000 ) ;
#57 = DIRECTION ( 'NONE',  ( -0.000000000000000000, -1.000000000000000000, -0.000000000000000000 ) ) ;
#58 = ORIENTED_EDGE ( 'NONE', *, *, #2991, .F. ) ;
#59 = ORIENTED_EDGE ( 'NONE', *, *, #1564, .T. ) ;
#60 = ORIENTED_EDGE ( 'NONE', *, *, #76, .T. ) ;
#61 = CARTESIAN_POINT ( 'NONE',  ( 0.000000000000000000, 5.000000000000000000, -50.50000000000000000 ) ) ;
#62 = CARTESIAN_POINT ( 'NONE',  ( 5.311989299072093857E-13, 30.00000000000000355, -1.500000000000070610 ) ) ;
#63 = PLANE ( 'NONE',  #2538 ) ;
#64 = ORIENTED_EDGE ( 'NONE', *, *, #2613, .F. ) ;
#65 = DIRECTION ( 'NONE',  ( -0.000000000000000000, -1.000000000000000000, -0.000000000000000000 ) ) ;
#66 = LINE ( 'NONE', #281, #583 ) ;
#67 = CARTESIAN_POINT ( 'NONE',  ( 69.60000000000033538, 30.00000000000000355, -19.50000000000004619 ) ) ;
#68 = PLANE ( 'NONE',  #1402 ) ;
#69 = DIRECTION ( 'NONE',  ( 4.130293990420967418E-16, 0.000000000000000000, -1.000000000000000000 ) ) ;
#70 = VERTEX_POINT ( 'NONE', #928 ) ;
#71 = EDGE_CURVE ( 'NONE', #1718, #1329, #2910, .T. ) ;
#72 = DIRECTION ( 'NONE',  ( -1.000000000000000000, 0.000000000000000000, -0.000000000000000000 ) ) ;
#73 = ORIENTED_EDGE ( 'NONE', *, *, #2068, .F. ) ;
#74 = ORIENTED_EDGE ( 'NONE', *, *, #755, .F. ) ;
#75 = EDGE_CURVE ( 'NONE', #2778, #933, #3163, .T. ) ;
#76 = EDGE_CURVE ( 'NONE', #2421, #3042, #2055, .T. ) ;
#77 = EDGE_LOOP ( 'NONE', ( #1642, #2539, #2135, #3 ) ) ;
#78 = ORIENTED_EDGE ( 'NONE', *, *, #736, .F. ) ;
#79 = CARTESIAN_POINT ( 'NONE',  ( 13.20000000000046825, 4.000000000000000000, -12.30000000000000071 ) ) ;
#80 = LINE ( 'NONE', #835, #410 ) ;
#81 = ADVANCED_FACE ( 'NONE', ( #3183, #3206, #646, #384, #3424, #3503 ), #350, .T. ) ;
#82 = CARTESIAN_POINT ( 'NONE',  ( 1.250836745209005729E-13, 30.00000000000000355, -40.50000000000001421 ) ) ;
#83 = ORIENTED_EDGE ( 'NONE', *, *, #3195, .F. ) ;
#84 = CARTESIAN_POINT ( 'NONE',  ( 17.29500000000000881, -2.999999999999975131, -43.89999999999999147 ) ) ;
#85 = DIRECTION ( 'NONE',  ( -0.000000000000000000, -1.000000000000000000, -0.000000000000000000 ) ) ;
#86 = CARTESIAN_POINT ( 'NONE',  ( 4.999592948774933387E-13, 30.00000000000000355, -4.500000000000066613 ) ) ;
#87 = LINE ( 'NONE', #366, #3624 ) ;
#88 = CARTESIAN_POINT ( 'NONE',  ( 0.000000000000000000, -0.5000000000000000000, 0.000000000000000000 ) ) ;
#89 = EDGE_LOOP ( 'NONE', ( #791, #288 ) ) ;
#90 = AXIS2_PLACEMENT_3D ( 'NONE', #640, #1189, #3438 ) ;
#91 = APPLICATION_PROTOCOL_DEFINITION ( 'draft international standard', 'automotive_design', 1998, #562 ) ;
#92 = ADVANCED_FACE ( 'NONE', ( #368, #948 ), #2637, .T. ) ;
#93 = ORIENTED_EDGE ( 'NONE', *, *, #2012, .F. ) ;
#94 = VECTOR ( 'NONE', #2306, 1000.000000000000000 ) ;
#95 = VERTEX_POINT ( 'NONE', #663 ) ;
#96 = ORIENTED_EDGE ( 'NONE', *, *, #2314, .F. ) ;
#97 = LINE ( 'NONE', #3215, #2019 ) ;
#98 = LINE ( 'NONE', #1240, #1009 ) ;
#99 = EDGE_CURVE ( 'NONE', #2564, #2297, #1811, .T. ) ;
#100 = AXIS2_PLACEMENT_3D ( 'NONE', #843, #826, #265 ) ;
#101 = AXIS2_PLACEMENT_3D ( 'NONE', #940, #2682, #2088 ) ;
#102 = LINE ( 'NONE', #3156, #158 ) ;
#103 = ORIENTED_EDGE ( 'NONE', *, *, #1903, .T. ) ;
#104 = LINE ( 'NONE', #3220, #866 ) ;
#105 = DIRECTION ( 'NONE',  ( 0.000000000000000000, 0.000000000000000000, -1.000000000000000000 ) ) ;
#106 = EDGE_CURVE ( 'NONE', #2379, #971, #719, .T. ) ;
#107 = LINE ( 'NONE', #2092, #2131 ) ;
#108 = DIRECTION ( 'NONE',  ( 0.000000000000000000, 0.000000000000000000, -1.000000000000000000 ) ) ;
#109 = DIRECTION ( 'NONE',  ( 0.000000000000000000, -1.000000000000000000, 0.000000000000000000 ) ) ;
#110 = FACE_OUTER_BOUND ( 'NONE', #3442, .T. ) ;
#111 = ORIENTED_EDGE ( 'NONE', *, *, #1579, .F. ) ;
#112 =( LENGTH_UNIT ( ) NAMED_UNIT ( * ) SI_UNIT ( .MILLI., .METRE. ) );
#113 = CONICAL_SURFACE ( 'NONE', #48, 0.8000000000000020428, 1.029744258676652091 ) ;
#114 = ORIENTED_EDGE ( 'NONE', *, *, #3064, .F. ) ;
#115 = ORIENTED_EDGE ( 'NONE', *, *, #1191, .T. ) ;
#116 = VECTOR ( 'NONE', #1706, 1000.000000000000000 ) ;
#117 = ORIENTED_EDGE ( 'NONE', *, *, #1655, .T. ) ;
#118 = DIRECTION ( 'NONE',  ( 1.652117596168387361E-15, 0.000000000000000000, -1.000000000000000000 ) ) ;
#119 = CARTESIAN_POINT ( 'NONE',  ( 69.60000000000015064, 30.00000000000000355, -37.50000000000002132 ) ) ;
#120 = AXIS2_PLACEMENT_3D ( 'NONE', #2664, #2388, #2463 ) ;
#121 = EDGE_CURVE ( 'NONE', #533, #95, #3301, .T. ) ;
#122 = CARTESIAN_POINT ( 'NONE',  ( 69.60000000000043485, 30.00000000000000355, -11.50000000000005862 ) ) ;
#123 = VERTEX_POINT ( 'NONE', #2983 ) ;
#124 = LINE ( 'NONE', #1598, #2786 ) ;
#125 = DIRECTION ( 'NONE',  ( -0.000000000000000000, -1.000000000000000000, -0.000000000000000000 ) ) ;
#126 = EDGE_CURVE ( 'NONE', #2225, #652, #2170, .T. ) ;
#127 = CARTESIAN_POINT ( 'NONE',  ( 4.374800248180611943E-13, 5.000000000000000000, -10.50000000000005862 ) ) ;
#128 = LINE ( 'NONE', #696, #215 ) ;
#129 = CARTESIAN_POINT ( 'NONE',  ( 1.874378101782963577E-13, 5.000000000000000000, -35.50000000000002132 ) ) ;
#130 = LINE ( 'NONE', #2153, #214 ) ;
#131 = ORIENTED_EDGE ( 'NONE', *, *, #842, .T. ) ;
#132 = DIRECTION ( 'NONE',  ( 0.000000000000000000, 0.000000000000000000, 1.000000000000000000 ) ) ;
#133 = EDGE_LOOP ( 'NONE', ( #3620, #324, #2477, #741 ) ) ;
#134 = ORIENTED_EDGE ( 'NONE', *, *, #1028, .F. ) ;
#135 = ORIENTED_EDGE ( 'NONE', *, *, #172, .T. ) ;
#136 = DIRECTION ( 'NONE',  ( -1.000000000000000000, -0.000000000000000000, -0.000000000000000000 ) ) ;
#137 = PLANE ( 'NONE',  #2979 ) ;
#138 = CARTESIAN_POINT ( 'NONE',  ( 0.000000000000000000, 0.000000000000000000, 0.000000000000000000 ) ) ;
#139 = ORIENTED_EDGE ( 'NONE', *, *, #2177, .F. ) ;
#140 = CARTESIAN_POINT ( 'NONE',  ( 0.000000000000000000, 5.000000000000000000, 0.000000000000000000 ) ) ;
#141 = DIRECTION ( 'NONE',  ( -1.000000000000000000, -0.000000000000000000, -0.000000000000000000 ) ) ;
#142 = ADVANCED_FACE ( 'NONE', ( #3019 ), #186, .T. ) ;
#143 = CARTESIAN_POINT ( 'NONE',  ( 4.374800248180611943E-13, 30.00000000000000355, -10.50000000000005862 ) ) ;
#144 = DIRECTION ( 'NONE',  ( 1.000000000000000000, 0.000000000000000000, -0.000000000000000000 ) ) ;
#145 = PLANE ( 'NONE',  #881 ) ;
#146 = EDGE_CURVE ( 'NONE', #1499, #287, #130, .T. ) ;
#147 = LINE ( 'NONE', #1286, #1641 ) ;
#148 = ORIENTED_EDGE ( 'NONE', *, *, #1610, .F. ) ;
#149 = DIRECTION ( 'NONE',  ( 1.000000000000000000, 0.000000000000000000, 0.000000000000000000 ) ) ;
#150 = EDGE_CURVE ( 'NONE', #494, #2944, #1270, .T. ) ;
#151 = ORIENTED_EDGE ( 'NONE', *, *, #2362, .F. ) ;
#152 = ORIENTED_EDGE ( 'NONE', *, *, #2021, .T. ) ;
#153 = VERTEX_POINT ( 'NONE', #3245 ) ;
#154 = DIRECTION ( 'NONE',  ( 1.251344020363363486E-16, 0.000000000000000000, 1.000000000000000000 ) ) ;
#155 = CARTESIAN_POINT ( 'NONE',  ( 56.40000000000000568, 4.000000000000000000, -42.70000000000000284 ) ) ;
#156 = VECTOR ( 'NONE', #3460, 1000.000000000000000 ) ;
#157 = DIRECTION ( 'NONE',  ( -0.000000000000000000, -0.000000000000000000, 1.000000000000000000 ) ) ;
#158 = VECTOR ( 'NONE', #337, 1000.000000000000000 ) ;
#159 = ORIENTED_EDGE ( 'NONE', *, *, #1974, .F. ) ;
#160 = CARTESIAN_POINT ( 'NONE',  ( 69.60000000000032117, 30.00000000000000355, -23.50000000000004263 ) ) ;
#161 = CARTESIAN_POINT ( 'NONE',  ( 0.000000000000000000, 5.000000000000000000, -53.50000000000000000 ) ) ;
#162 = VECTOR ( 'NONE', #550, 1000.000000000000000 ) ;
#163 = CARTESIAN_POINT ( 'NONE',  ( 56.40000000000046754, 4.000000000000000000, -13.90000000000000036 ) ) ;
#164 = DIRECTION ( 'NONE',  ( 0.000000000000000000, 1.000000000000000000, 0.000000000000000000 ) ) ;
#165 = VECTOR ( 'NONE', #227, 1000.000000000000000 ) ;
#166 = EDGE_CURVE ( 'NONE', #153, #378, #3284, .T. ) ;
#167 = CARTESIAN_POINT ( 'NONE',  ( 0.000000000000000000, -0.5000000000000000000, 0.000000000000000000 ) ) ;
#168 = ORIENTED_EDGE ( 'NONE', *, *, #3381, .F. ) ;
#169 = SHAPE_DEFINITION_REPRESENTATION ( #710, #3094 ) ;
#170 = ORIENTED_EDGE ( 'NONE', *, *, #1054, .F. ) ;
#171 = FACE_BOUND ( 'NONE', #2343, .T. ) ;
#172 = EDGE_CURVE ( 'NONE', #2199, #1199, #2411, .T. ) ;
#173 = ORIENTED_EDGE ( 'NONE', *, *, #561, .T. ) ;
#174 = ORIENTED_EDGE ( 'NONE', *, *, #2702, .F. ) ;
#175 = CARTESIAN_POINT ( 'NONE',  ( 15.54500000000000348, 0.000000000000000000, -9.349999999999999645 ) ) ;
#176 = VECTOR ( 'NONE', #2077, 1000.000000000000000 ) ;
#177 = VECTOR ( 'NONE', #1406, 1000.000000000000000 ) ;
#178 = DIRECTION ( 'NONE',  ( -0.000000000000000000, 1.000000000000000000, -0.000000000000000000 ) ) ;
#179 = FACE_OUTER_BOUND ( 'NONE', #1774, .T. ) ;
#180 = ORIENTED_EDGE ( 'NONE', *, *, #166, .T. ) ;
#181 = LINE ( 'NONE', #3062, #3201 ) ;
#182 = CARTESIAN_POINT ( 'NONE',  ( 9.384403949118451333E-14, 30.00000000000000355, -43.50000000000001421 ) ) ;
#183 = VECTOR ( 'NONE', #768, 1000.000000000000000 ) ;
#184 = CARTESIAN_POINT ( 'NONE',  ( 1.250836745209005729E-13, 30.00000000000000355, -40.50000000000001421 ) ) ;
#185 = CARTESIAN_POINT ( 'NONE',  ( 6.260440446146845372E-14, 30.00000000000000355, -46.50000000000000711 ) ) ;
#186 = PLANE ( 'NONE',  #983 ) ;
#187 = ORIENTED_EDGE ( 'NONE', *, *, #572, .T. ) ;
#188 = ADVANCED_FACE ( 'NONE', ( #1328, #3037 ), #3000, .T. ) ;
#189 = EDGE_LOOP ( 'NONE', ( #3347, #74, #170, #3290 ) ) ;
#190 = EDGE_LOOP ( 'NONE', ( #739, #2834, #748 ) ) ;
#191 = ORIENTED_EDGE ( 'NONE', *, *, #1815, .F. ) ;
#192 = CARTESIAN_POINT ( 'NONE',  ( 69.60000000000049170, 5.000000000000000000, -5.500000000000067502 ) ) ;
#193 = CARTESIAN_POINT ( 'NONE',  ( 0.000000000000000000, 30.00000000000000355, 0.000000000000000000 ) ) ;
#194 = ADVANCED_FACE ( 'NONE', ( #1567 ), #2467, .T. ) ;
#195 = LINE ( 'NONE', #3395, #162 ) ;
#196 = VERTEX_POINT ( 'NONE', #478 ) ;
#197 = CARTESIAN_POINT ( 'NONE',  ( 4.685945254457409068E-13, 5.000000000000000000, -8.500000000000063949 ) ) ;
#198 = LINE ( 'NONE', #2548, #3336 ) ;
#199 = DIRECTION ( 'NONE',  ( 0.000000000000000000, 0.000000000000000000, -1.000000000000000000 ) ) ;
#200 = CARTESIAN_POINT ( 'NONE',  ( 0.000000000000000000, 5.000000000000000000, 0.000000000000000000 ) ) ;
#201 = DIRECTION ( 'NONE',  ( 1.000000000000000000, 0.000000000000000000, 0.000000000000000000 ) ) ;
#202 = EDGE_LOOP ( 'NONE', ( #31, #1294, #604, #2441 ) ) ;
#203 = ORIENTED_EDGE ( 'NONE', *, *, #3053, .F. ) ;
#204 = ORIENTED_EDGE ( 'NONE', *, *, #2726, .T. ) ;
#205 = EDGE_CURVE ( 'NONE', #2433, #2280, #3595, .T. ) ;
#206 = EDGE_LOOP ( 'NONE', ( #766, #2098, #810, #2576 ) ) ;
#207 = DIRECTION ( 'NONE',  ( 0.000000000000000000, 1.000000000000000000, 0.000000000000000000 ) ) ;
#208 = DIRECTION ( 'NONE',  ( 0.000000000000000000, 0.000000000000000000, -1.000000000000000000 ) ) ;
#209 = PLANE ( 'NONE',  #1890 ) ;
#210 = EDGE_CURVE ( 'NONE', #2540, #1984, #2132, .T. ) ;
#211 = ORIENTED_EDGE ( 'NONE', *, *, #54, .F. ) ;
#212 = CARTESIAN_POINT ( 'NONE',  ( 0.000000000000000000, 5.000000000000000000, -28.50000000000003197 ) ) ;
#213 = DIRECTION ( 'NONE',  ( -0.000000000000000000, -1.000000000000000000, -0.000000000000000000 ) ) ;
#214 = VECTOR ( 'NONE', #1584, 1000.000000000000000 ) ;
#215 = VECTOR ( 'NONE', #1326, 1000.000000000000000 ) ;
#216 = CARTESIAN_POINT ( 'NONE',  ( 69.60000000000052012, 30.00000000000000355, -2.500000000000071498 ) ) ;
#217 = EDGE_CURVE ( 'NONE', #3550, #2937, #1849, .T. ) ;
#218 = DIRECTION ( 'NONE',  ( 0.000000000000000000, -0.000000000000000000, 1.000000000000000000 ) ) ;
#219 = VECTOR ( 'NONE', #2237, 1000.000000000000000 ) ;
#220 = AXIS2_PLACEMENT_3D ( 'NONE', #3605, #3097, #2200 ) ;
#221 = ORIENTED_EDGE ( 'NONE', *, *, #2068, .T. ) ;
#222 = ORIENTED_EDGE ( 'NONE', *, *, #677, .T. ) ;
#223 = EDGE_LOOP ( 'NONE', ( #2267, #2561, #939, #460 ) ) ;
#224 = ORIENTED_EDGE ( 'NONE', *, *, #1382, .F. ) ;
#225 = LINE ( 'NONE', #1727, #520 ) ;
#226 = DIRECTION ( 'NONE',  ( 1.000000000000000000, 0.000000000000000000, 0.000000000000000000 ) ) ;
#227 = DIRECTION ( 'NONE',  ( 1.251344020363363486E-16, 0.000000000000000000, 1.000000000000000000 ) ) ;
#228 = CARTESIAN_POINT ( 'NONE',  ( 0.000000000000000000, -0.5000000000000000000, -44.00000000000000000 ) ) ;
#229 = VECTOR ( 'NONE', #2119, 1000.000000000000000 ) ;
#230 = EDGE_LOOP ( 'NONE', ( #532, #221, #547, #1476 ) ) ;
#231 = LINE ( 'NONE', #2772, #3566 ) ;
#232 = CARTESIAN_POINT ( 'NONE',  ( 0.000000000000000000, -3.000000000000000000, 0.000000000000000000 ) ) ;
#233 = VECTOR ( 'NONE', #3117, 1000.000000000000000 ) ;
#234 = ADVANCED_FACE ( 'NONE', ( #756 ), #1551, .F. ) ;
#235 = CARTESIAN_POINT ( 'NONE',  ( 2.812818496694808584E-13, 30.00000000000000355, -25.50000000000003553 ) ) ;
#236 = VECTOR ( 'NONE', #3011, 1000.000000000000000 ) ;
#237 = DIRECTION ( 'NONE',  ( -1.000000000000000000, -0.000000000000000000, -0.000000000000000000 ) ) ;
#238 = EDGE_CURVE ( 'NONE', #3072, #3564, #1829, .T. ) ;
#239 = VERTEX_POINT ( 'NONE', #699 ) ;
#240 = VERTEX_POINT ( 'NONE', #424 ) ;
#241 = ORIENTED_EDGE ( 'NONE', *, *, #2482, .F. ) ;
#242 = DIRECTION ( 'NONE',  ( 0.000000000000000000, 0.000000000000000000, -1.000000000000000000 ) ) ;
#243 = CARTESIAN_POINT ( 'NONE',  ( 0.000000000000000000, 5.000000000000000000, 0.000000000000000000 ) ) ;
#244 = PLANE ( 'NONE',  #3664 ) ;
#245 = ORIENTED_EDGE ( 'NONE', *, *, #3651, .F. ) ;
#246 = DIRECTION ( 'NONE',  ( -0.000000000000000000, -1.000000000000000000, -0.000000000000000000 ) ) ;
#247 = LINE ( 'NONE', #3627, #3035 ) ;
#248 = CARTESIAN_POINT ( 'NONE',  ( 69.60000000000022169, 30.00000000000000355, -32.50000000000002842 ) ) ;
#249 = CARTESIAN_POINT ( 'NONE',  ( 9.371890508914817883E-14, 30.00000000000000355, -44.50000000000001421 ) ) ;
#250 = EDGE_CURVE ( 'NONE', #777, #2469, #147, .T. ) ;
#251 = EDGE_CURVE ( 'NONE', #291, #2208, #1002, .T. ) ;
#252 = ORIENTED_EDGE ( 'NONE', *, *, #1977, .T. ) ;
#253 = EDGE_LOOP ( 'NONE', ( #798, #2986, #3467, #1692 ) ) ;
#254 = EDGE_CURVE ( 'NONE', #2355, #3407, #3457, .T. ) ;
#255 = ORIENTED_EDGE ( 'NONE', *, *, #3394, .T. ) ;
#256 = CARTESIAN_POINT ( 'NONE',  ( 54.30000000000000426, -0.5000000000000000000, -11.00000000000000000 ) ) ;
#257 = CARTESIAN_POINT ( 'NONE',  ( 6.260440446146845372E-14, 5.000000000000000000, -46.50000000000000711 ) ) ;
#258 = ORIENTED_EDGE ( 'NONE', *, *, #1732, .F. ) ;
#259 = CARTESIAN_POINT ( 'NONE',  ( 54.05500000000000682, 0.000000000000000000, -9.349999999999999645 ) ) ;
#260 = CARTESIAN_POINT ( 'NONE',  ( 0.000000000000000000, -0.5000000000000000000, -11.00000000000000000 ) ) ;
#261 = FACE_OUTER_BOUND ( 'NONE', #2930, .T. ) ;
#262 = VECTOR ( 'NONE', #2316, 1000.000000000000000 ) ;
#263 = CARTESIAN_POINT ( 'NONE',  ( 5.310737955051730007E-13, 30.00000000000000355, -2.500000000000071498 ) ) ;
#264 = VECTOR ( 'NONE', #2517, 1000.000000000000000 ) ;
#265 = DIRECTION ( 'NONE',  ( 1.000000000000000000, 0.000000000000000000, -0.000000000000000000 ) ) ;
#266 = VECTOR ( 'NONE', #1708, 1000.000000000000000 ) ;
#267 = VERTEX_POINT ( 'NONE', #2029 ) ;
#268 = EDGE_CURVE ( 'NONE', #3325, #2914, #1061, .T. ) ;
#269 = AXIS2_PLACEMENT_3D ( 'NONE', #976, #2124, #3330 ) ;
#270 = ORIENTED_EDGE ( 'NONE', *, *, #3665, .F. ) ;
#271 = VERTEX_POINT ( 'NONE', #2049 ) ;
#272 = CARTESIAN_POINT ( 'NONE',  ( 0.000000000000000000, 5.000000000000000000, 0.000000000000000000 ) ) ;
#273 = EDGE_CURVE ( 'NONE', #2172, #271, #2287, .T. ) ;
#274 = DIRECTION ( 'NONE',  ( -0.000000000000000000, -1.000000000000000000, -0.000000000000000000 ) ) ;
#275 = ORIENTED_EDGE ( 'NONE', *, *, #320, .F. ) ;
#276 = DIRECTION ( 'NONE',  ( -1.000000000000000000, -0.000000000000000000, -0.000000000000000000 ) ) ;
#277 = DIRECTION ( 'NONE',  ( 1.000000000000000000, 0.000000000000000000, 0.000000000000000000 ) ) ;
#278 = CARTESIAN_POINT ( 'NONE',  ( 4.999592948774933387E-13, 30.00000000000000355, -4.500000000000066613 ) ) ;
#279 = DIRECTION ( 'NONE',  ( 0.000000000000000000, -1.000000000000000000, 0.000000000000000000 ) ) ;
#280 = DIRECTION ( 'NONE',  ( 1.251344020363363486E-16, 0.000000000000000000, 1.000000000000000000 ) ) ;
#281 = CARTESIAN_POINT ( 'NONE',  ( 4.999592948774933387E-13, 30.00000000000000355, -4.500000000000066613 ) ) ;
#282 = VECTOR ( 'NONE', #2934, 1000.000000000000000 ) ;
#283 = PLANE ( 'NONE',  #2724 ) ;
#284 = VECTOR ( 'NONE', #1656, 1000.000000000000000 ) ;
#285 = VECTOR ( 'NONE', #2026, 1000.000000000000000 ) ;
#286 = ORIENTED_EDGE ( 'NONE', *, *, #238, .F. ) ;
#287 = VERTEX_POINT ( 'NONE', #2307 ) ;
#288 = ORIENTED_EDGE ( 'NONE', *, *, #961, .F. ) ;
#289 = LINE ( 'NONE', #1116, #3221 ) ;
#290 = EDGE_CURVE ( 'NONE', #2620, #2386, #2570, .T. ) ;
#291 = VERTEX_POINT ( 'NONE', #3175 ) ;
#292 = CARTESIAN_POINT ( 'NONE',  ( 0.000000000000000000, 30.00000000000000355, 0.000000000000000000 ) ) ;
#293 = CARTESIAN_POINT ( 'NONE',  ( 2.500422146397648114E-13, 5.000000000000000000, -28.50000000000003197 ) ) ;
#294 = ORIENTED_EDGE ( 'NONE', *, *, #1415, .T. ) ;
#295 = CARTESIAN_POINT ( 'NONE',  ( 4.373548904160248093E-13, 30.00000000000000355, -11.50000000000005862 ) ) ;
#296 = CARTESIAN_POINT ( 'NONE',  ( 0.000000000000000000, 5.000000000000000000, -16.50000000000004974 ) ) ;
#297 = EDGE_CURVE ( 'NONE', #2766, #3089, #21, .T. ) ;
#298 = CARTESIAN_POINT ( 'NONE',  ( 4.999592948774933387E-13, 30.00000000000000355, -4.500000000000066613 ) ) ;
#299 = CYLINDRICAL_SURFACE ( 'NONE', #2891, 0.7999999999999951594 ) ;
#300 = DIRECTION ( 'NONE',  ( -0.000000000000000000, -1.000000000000000000, -0.000000000000000000 ) ) ;
#301 = CARTESIAN_POINT ( 'NONE',  ( 3.136476943175239411E-14, 30.00000000000000355, -49.50000000000000000 ) ) ;
#302 = ADVANCED_FACE ( 'NONE', ( #42 ), #2550, .F. ) ;
#303 = FACE_OUTER_BOUND ( 'NONE', #3146, .T. ) ;
#304 = CARTESIAN_POINT ( 'NONE',  ( 69.60000000000019327, 30.00000000000000355, -35.50000000000002132 ) ) ;
#305 = ORIENTED_EDGE ( 'NONE', *, *, #987, .T. ) ;
#306 = DIRECTION ( 'NONE',  ( 1.000000000000000000, 0.000000000000000000, 0.000000000000000000 ) ) ;
#307 = ORIENTED_EDGE ( 'NONE', *, *, #1969, .F. ) ;
#308 = CARTESIAN_POINT ( 'NONE',  ( 69.60000000000012221, 30.00000000000000355, -40.50000000000001421 ) ) ;
#309 = ORIENTED_EDGE ( 'NONE', *, *, #677, .F. ) ;
#310 = ORIENTED_EDGE ( 'NONE', *, *, #2021, .F. ) ;
#311 = CARTESIAN_POINT ( 'NONE',  ( 9.384403949118451333E-14, 30.00000000000000355, -43.50000000000001421 ) ) ;
#312 = ORIENTED_EDGE ( 'NONE', *, *, #3202, .F. ) ;
#313 = FACE_OUTER_BOUND ( 'NONE', #223, .T. ) ;
#314 = DIRECTION ( 'NONE',  ( -0.000000000000000000, 0.000000000000000000, 1.000000000000000000 ) ) ;
#315 = EDGE_CURVE ( 'NONE', #3542, #3056, #615, .T. ) ;
#316 = PLANE ( 'NONE',  #2427 ) ;
#317 = CARTESIAN_POINT ( 'NONE',  ( 69.60000000000025011, 30.00000000000000355, -29.50000000000003197 ) ) ;
#318 = FACE_OUTER_BOUND ( 'NONE', #1027, .T. ) ;
#319 = DIRECTION ( 'NONE',  ( -0.000000000000000000, -1.000000000000000000, -0.000000000000000000 ) ) ;
#320 = EDGE_CURVE ( 'NONE', #1494, #1611, #3616, .T. ) ;
#321 = PLANE ( 'NONE',  #622 ) ;
#322 = DIRECTION ( 'NONE',  ( 1.251344020363363486E-16, 0.000000000000000000, 1.000000000000000000 ) ) ;
#323 = VECTOR ( 'NONE', #1868, 1000.000000000000000 ) ;
#324 = ORIENTED_EDGE ( 'NONE', *, *, #1353, .T. ) ;
#325 = AXIS2_PLACEMENT_3D ( 'NONE', #1283, #998, #3298 ) ;
#326 = VERTEX_POINT ( 'NONE', #2330 ) ;
#327 = ORIENTED_EDGE ( 'NONE', *, *, #3354, .T. ) ;
#328 = CARTESIAN_POINT ( 'NONE',  ( 69.59999999999999432, 5.000000000000000000, 0.000000000000000000 ) ) ;
#329 = ORIENTED_EDGE ( 'NONE', *, *, #3354, .F. ) ;
#330 = VECTOR ( 'NONE', #1179, 1000.000000000000000 ) ;
#331 = VERTEX_POINT ( 'NONE', #2207 ) ;
#332 = LINE ( 'NONE', #3429, #2070 ) ;
#333 = VECTOR ( 'NONE', #3416, 1000.000000000000000 ) ;
#334 = EDGE_LOOP ( 'NONE', ( #1081, #1933, #1627, #3020 ) ) ;
#335 = PLANE ( 'NONE',  #698 ) ;
#336 = CARTESIAN_POINT ( 'NONE',  ( 69.60000000000006537, 30.00000000000000355, -47.50000000000000711 ) ) ;
#337 = DIRECTION ( 'NONE',  ( -1.000000000000000000, -0.000000000000000000, -0.000000000000000000 ) ) ;
#338 = ORIENTED_EDGE ( 'NONE', *, *, #1139, .F. ) ;
#339 = CARTESIAN_POINT ( 'NONE',  ( 3.125214846991969054E-13, 30.00000000000000355, -22.50000000000003908 ) ) ;
#340 = CARTESIAN_POINT ( 'NONE',  ( 2.811567152674445239E-13, 30.00000000000000355, -26.50000000000003908 ) ) ;
#341 = EDGE_CURVE ( 'NONE', #2691, #123, #2864, .T. ) ;
#342 = DIRECTION ( 'NONE',  ( 1.000000000000000000, 0.000000000000000000, 0.000000000000000000 ) ) ;
#343 = CARTESIAN_POINT ( 'NONE',  ( 3.136476943175239411E-14, 30.00000000000000355, -49.50000000000000000 ) ) ;
#344 = CIRCLE ( 'NONE', #47, 0.7999999999999882760 ) ;
#345 = CARTESIAN_POINT ( 'NONE',  ( 69.60000000000039222, 30.00000000000000355, -14.50000000000005507 ) ) ;
#346 = ADVANCED_FACE ( 'NONE', ( #2900 ), #299, .F. ) ;
#347 = ADVANCED_FACE ( 'NONE', ( #2824 ), #2586, .F. ) ;
#348 = ORIENTED_EDGE ( 'NONE', *, *, #3472, .F. ) ;
#349 = VECTOR ( 'NONE', #3403, 1000.000000000000000 ) ;
#350 = PLANE ( 'NONE',  #1941 ) ;
#351 = ORIENTED_EDGE ( 'NONE', *, *, #3537, .F. ) ;
#352 = VECTOR ( 'NONE', #1376, 1000.000000000000000 ) ;
#353 = DIRECTION ( 'NONE',  ( -0.000000000000000000, -0.000000000000000000, 1.000000000000000000 ) ) ;
#354 = EDGE_CURVE ( 'NONE', #2172, #1025, #3401, .T. ) ;
#355 = ORIENTED_EDGE ( 'NONE', *, *, #1496, .T. ) ;
#356 = ORIENTED_EDGE ( 'NONE', *, *, #2285, .T. ) ;
#357 = ORIENTED_EDGE ( 'NONE', *, *, #2673, .F. ) ;
#358 = CARTESIAN_POINT ( 'NONE',  ( 56.40000000000000568, -0.5000000000000000000, -41.10000000000000142 ) ) ;
#359 = CARTESIAN_POINT ( 'NONE',  ( 1.875629445803326922E-13, 30.00000000000000355, -34.50000000000002132 ) ) ;
#360 = CARTESIAN_POINT ( 'NONE',  ( 58.50000000000000000, -0.5000000000000000000, 0.000000000000000000 ) ) ;
#361 = VERTEX_POINT ( 'NONE', #773 ) ;
#362 = CARTESIAN_POINT ( 'NONE',  ( 56.40000000000046754, 4.000000000000000000, -13.90000000000000036 ) ) ;
#363 = DIRECTION ( 'NONE',  ( 1.000000000000000000, 0.000000000000000000, 0.000000000000000000 ) ) ;
#364 = CARTESIAN_POINT ( 'NONE',  ( 0.000000000000000000, 5.000000000000000000, -43.50000000000001421 ) ) ;
#365 = EDGE_CURVE ( 'NONE', #2199, #389, #1704, .T. ) ;
#366 = CARTESIAN_POINT ( 'NONE',  ( 2.188025796100487644E-13, 30.00000000000000355, -31.50000000000002842 ) ) ;
#367 = ADVANCED_FACE ( 'NONE', ( #541 ), #1686, .F. ) ;
#368 = FACE_BOUND ( 'NONE', #3389, .T. ) ;
#369 = ORIENTED_EDGE ( 'NONE', *, *, #755, .T. ) ;
#370 = DIRECTION ( 'NONE',  ( 0.000000000000000000, -0.000000000000000000, 1.000000000000000000 ) ) ;
#371 = ORIENTED_EDGE ( 'NONE', *, *, #2384, .F. ) ;
#372 = EDGE_CURVE ( 'NONE', #2191, #1698, #1248, .T. ) ;
#373 = ORIENTED_EDGE ( 'NONE', *, *, #727, .F. ) ;
#374 = ORIENTED_EDGE ( 'NONE', *, *, #1006, .T. ) ;
#375 = CARTESIAN_POINT ( 'NONE',  ( 56.40000000000000568, 4.480688495222048928, -41.89999999999999858 ) ) ;
#376 = DIRECTION ( 'NONE',  ( -0.000000000000000000, -1.000000000000000000, -0.000000000000000000 ) ) ;
#377 = FACE_OUTER_BOUND ( 'NONE', #496, .T. ) ;
#378 = VERTEX_POINT ( 'NONE', #2312 ) ;
#379 = CARTESIAN_POINT ( 'NONE',  ( 3.136476943175239411E-14, 30.00000000000000355, -49.50000000000000000 ) ) ;
#380 = DIRECTION ( 'NONE',  ( -0.000000000000000000, 0.5038710255240895775, 0.8637789008984314565 ) ) ;
#381 = FACE_OUTER_BOUND ( 'NONE', #2737, .T. ) ;
#382 = DIRECTION ( 'NONE',  ( -0.000000000000000000, -1.000000000000000000, -0.000000000000000000 ) ) ;
#383 = CARTESIAN_POINT ( 'NONE',  ( 69.60000000000006537, 30.00000000000000355, -46.50000000000000711 ) ) ;
#384 = FACE_BOUND ( 'NONE', #1345, .T. ) ;
#385 = VERTEX_POINT ( 'NONE', #2072 ) ;
#386 = AXIS2_PLACEMENT_3D ( 'NONE', #1231, #624, #1196 ) ;
#387 = LINE ( 'NONE', #1532, #1377 ) ;
#388 = EDGE_CURVE ( 'NONE', #287, #2642, #2610, .T. ) ;
#389 = VERTEX_POINT ( 'NONE', #1726 ) ;
#390 = VECTOR ( 'NONE', #2686, 1000.000000000000000 ) ;
#391 = ORIENTED_EDGE ( 'NONE', *, *, #2187, .T. ) ;
#392 = ORIENTED_EDGE ( 'NONE', *, *, #2202, .T. ) ;
#393 = CARTESIAN_POINT ( 'NONE',  ( 0.000000000000000000, 5.000000000000000000, -35.50000000000002132 ) ) ;
#394 = CARTESIAN_POINT ( 'NONE',  ( 13.19999999999999929, -0.5000000000000014433, -42.69999999999998863 ) ) ;
#395 = CIRCLE ( 'NONE', #807, 0.7999999999999882760 ) ;
#396 = EDGE_CURVE ( 'NONE', #2358, #1440, #2649, .T. ) ;
#397 = AXIS2_PLACEMENT_3D ( 'NONE', #1723, #300, #3258 ) ;
#398 = DIRECTION ( 'NONE',  ( -0.000000000000000000, -1.000000000000000000, -0.000000000000000000 ) ) ;
#399 = VERTEX_POINT ( 'NONE', #962 ) ;
#400 = DIRECTION ( 'NONE',  ( 0.000000000000000000, -1.000000000000000000, 0.000000000000000000 ) ) ;
#401 = LINE ( 'NONE', #1544, #1490 ) ;
#402 = FACE_OUTER_BOUND ( 'NONE', #3149, .T. ) ;
#403 = LINE ( 'NONE', #1902, #2090 ) ;
#404 = VECTOR ( 'NONE', #3432, 1000.000000000000000 ) ;
#405 = DIRECTION ( 'NONE',  ( -1.000000000000000000, -0.000000000000000000, -0.000000000000000000 ) ) ;
#406 = ORIENTED_EDGE ( 'NONE', *, *, #863, .F. ) ;
#407 = VECTOR ( 'NONE', #456, 1000.000000000000000 ) ;
#408 = ORIENTED_EDGE ( 'NONE', *, *, #1095, .T. ) ;
#409 = ORIENTED_EDGE ( 'NONE', *, *, #2452, .T. ) ;
#410 = VECTOR ( 'NONE', #1159, 1000.000000000000000 ) ;
#411 = ADVANCED_FACE ( 'NONE', ( #2940 ), #1489, .T. ) ;
#412 = ORIENTED_EDGE ( 'NONE', *, *, #2040, .F. ) ;
#413 = DIRECTION ( 'NONE',  ( 0.000000000000000000, 0.000000000000000000, -1.000000000000000000 ) ) ;
#414 = DIRECTION ( 'NONE',  ( -0.000000000000000000, -1.000000000000000000, -0.000000000000000000 ) ) ;
#415 = AXIS2_PLACEMENT_3D ( 'NONE', #1967, #744, #2244 ) ;
#416 = LINE ( 'NONE', #746, #2781 ) ;
#417 = ADVANCED_FACE ( 'NONE', ( #3204 ), #1228, .F. ) ;
#418 = ORIENTED_EDGE ( 'NONE', *, *, #525, .T. ) ;
#419 = CARTESIAN_POINT ( 'NONE',  ( 11.09499999999531994, 0.000000000000000000, -11.00000000000000000 ) ) ;
#420 = CARTESIAN_POINT ( 'NONE',  ( 69.59999999999999432, 5.000000000000000000, -25.50000000000003553 ) ) ;
#421 = PLANE ( 'NONE',  #2004 ) ;
#422 = EDGE_CURVE ( 'NONE', #1511, #2496, #3180, .T. ) ;
#423 = CARTESIAN_POINT ( 'NONE',  ( 0.000000000000000000, 0.000000000000000000, -44.00000000000000000 ) ) ;
#424 = CARTESIAN_POINT ( 'NONE',  ( 0.000000000000000000, 5.000000000000000000, -26.50000000000003908 ) ) ;
#425 = ORIENTED_EDGE ( 'NONE', *, *, #3319, .F. ) ;
#426 = DIRECTION ( 'NONE',  ( -0.000000000000000000, -1.000000000000000000, -0.000000000000000000 ) ) ;
#427 = ORIENTED_EDGE ( 'NONE', *, *, #1808, .F. ) ;
#428 = ORIENTED_EDGE ( 'NONE', *, *, #1955, .F. ) ;
#429 = VERTEX_POINT ( 'NONE', #2372 ) ;
#430 = CARTESIAN_POINT ( 'NONE',  ( 52.30500000000000682, 0.000000000000000000, -9.349999999999999645 ) ) ;
#431 = LINE ( 'NONE', #991, #1666 ) ;
#432 = LINE ( 'NONE', #692, #1888 ) ;
#433 = ORIENTED_EDGE ( 'NONE', *, *, #3421, .F. ) ;
#434 = CARTESIAN_POINT ( 'NONE',  ( 69.60000000000052012, 30.00000000000000355, -2.500000000000071498 ) ) ;
#435 = LINE ( 'NONE', #2958, #2562 ) ;
#436 = EDGE_CURVE ( 'NONE', #3306, #3001, #3012, .T. ) ;
#437 = CARTESIAN_POINT ( 'NONE',  ( 69.59999999999999432, 5.000000000000000000, 0.000000000000000000 ) ) ;
#438 = CARTESIAN_POINT ( 'NONE',  ( 69.60000000000015064, 30.00000000000000355, -38.50000000000002132 ) ) ;
#439 = EDGE_CURVE ( 'NONE', #501, #3668, #2034, .T. ) ;
#440 = CARTESIAN_POINT ( 'NONE',  ( 0.000000000000000000, -0.5000000000000000000, -39.79999999999999716 ) ) ;
#441 = VERTEX_POINT ( 'NONE', #620 ) ;
#442 = ORIENTED_EDGE ( 'NONE', *, *, #1165, .F. ) ;
#443 = VECTOR ( 'NONE', #1740, 1000.000000000000000 ) ;
#444 = ORIENTED_EDGE ( 'NONE', *, *, #980, .T. ) ;
#445 = VERTEX_POINT ( 'NONE', #86 ) ;
#446 = PLANE ( 'NONE',  #1250 ) ;
#447 = CARTESIAN_POINT ( 'NONE',  ( 6.260440446146845372E-14, 30.00000000000000355, -46.50000000000000711 ) ) ;
#448 = VECTOR ( 'NONE', #1936, 1000.000000000000000 ) ;
#449 = LINE ( 'NONE', #3588, #1110 ) ;
#450 = VECTOR ( 'NONE', #2819, 1000.000000000000000 ) ;
#451 = ORIENTED_EDGE ( 'NONE', *, *, #1382, .T. ) ;
#452 = PLANE ( 'NONE',  #1172 ) ;
#453 = LINE ( 'NONE', #2443, #585 ) ;
#454 = VECTOR ( 'NONE', #280, 1000.000000000000000 ) ;
#455 = LINE ( 'NONE', #437, #390 ) ;
#456 = DIRECTION ( 'NONE',  ( 1.049727191138617217E-16, -0.5150380749100562650, 0.8571673007021111124 ) ) ;
#457 = EDGE_CURVE ( 'NONE', #2344, #3170, #1167, .T. ) ;
#458 = CARTESIAN_POINT ( 'NONE',  ( 0.000000000000000000, 30.00000000000000355, 0.000000000000000000 ) ) ;
#459 = ADVANCED_FACE ( 'NONE', ( #303 ), #321, .T. ) ;
#460 = ORIENTED_EDGE ( 'NONE', *, *, #3289, .T. ) ;
#461 = EDGE_LOOP ( 'NONE', ( #2874, #2164, #1952, #829 ) ) ;
#462 = VERTEX_POINT ( 'NONE', #1467 ) ;
#463 = EDGE_CURVE ( 'NONE', #1712, #2318, #2906, .T. ) ;
#464 = ORIENTED_EDGE ( 'NONE', *, *, #2722, .F. ) ;
#465 = DIRECTION ( 'NONE',  ( -0.000000000000000000, -1.000000000000000000, -0.000000000000000000 ) ) ;
#466 = VECTOR ( 'NONE', #2578, 1000.000000000000000 ) ;
#467 = VECTOR ( 'NONE', #632, 1000.000000000000000 ) ;
#468 = CARTESIAN_POINT ( 'NONE',  ( 69.60000000000027853, 30.00000000000000355, -25.50000000000003553 ) ) ;
#469 = VECTOR ( 'NONE', #2151, 1000.000000000000000 ) ;
#470 = LINE ( 'NONE', #257, #864 ) ;
#471 = ORIENTED_EDGE ( 'NONE', *, *, #2832, .F. ) ;
#472 = CARTESIAN_POINT ( 'NONE',  ( 3.125214846991969054E-13, 30.00000000000000355, -22.50000000000003908 ) ) ;
#473 = DIRECTION ( 'NONE',  ( -1.000000000000000000, -0.000000000000000000, -0.000000000000000000 ) ) ;
#474 = VECTOR ( 'NONE', #277, 1000.000000000000000 ) ;
#475 = PLANE ( 'NONE',  #325 ) ;
#476 = CARTESIAN_POINT ( 'NONE',  ( 0.000000000000000000, 5.000000000000000000, -31.50000000000002842 ) ) ;
#477 = ADVANCED_FACE ( 'NONE', ( #46 ), #68, .T. ) ;
#478 = CARTESIAN_POINT ( 'NONE',  ( 3.750007547586290498E-13, 30.00000000000000355, -16.50000000000004974 ) ) ;
#479 = ORIENTED_EDGE ( 'NONE', *, *, #2774, .T. ) ;
#480 = ORIENTED_EDGE ( 'NONE', *, *, #2130, .T. ) ;
#481 = EDGE_CURVE ( 'NONE', #2933, #3324, #1807, .T. ) ;
#482 = ORIENTED_EDGE ( 'NONE', *, *, #2167, .F. ) ;
#483 = ORIENTED_EDGE ( 'NONE', *, *, #365, .F. ) ;
#484 = DIRECTION ( 'NONE',  ( 0.000000000000000000, -1.000000000000000000, 0.000000000000000000 ) ) ;
#485 = DIRECTION ( 'NONE',  ( -0.000000000000000000, 1.000000000000000000, -0.000000000000000000 ) ) ;
#486 = ADVANCED_FACE ( 'NONE', ( #923 ), #1526, .F. ) ;
#487 = LINE ( 'NONE', #1102, #3318 ) ;
#488 = ORIENTED_EDGE ( 'NONE', *, *, #436, .F. ) ;
#489 = DIRECTION ( 'NONE',  ( -0.000000000000000000, -0.000000000000000000, 1.000000000000000000 ) ) ;
#490 = CARTESIAN_POINT ( 'NONE',  ( 2.811567152674445239E-13, 30.00000000000000355, -26.50000000000003908 ) ) ;
#491 = DIRECTION ( 'NONE',  ( 1.251344020363856524E-16, 0.000000000000000000, 1.000000000000000000 ) ) ;
#492 = CARTESIAN_POINT ( 'NONE',  ( 0.000000000000000000, 5.000000000000000000, 0.000000000000000000 ) ) ;
#493 = ORIENTED_EDGE ( 'NONE', *, *, #1690, .F. ) ;
#494 = VERTEX_POINT ( 'NONE', #364 ) ;
#495 = ORIENTED_EDGE ( 'NONE', *, *, #1083, .T. ) ;
#496 = EDGE_LOOP ( 'NONE', ( #1312, #2054, #2036, #2437 ) ) ;
#497 = FACE_OUTER_BOUND ( 'NONE', #3524, .T. ) ;
#498 = DIRECTION ( 'NONE',  ( 1.251344020363363486E-16, 0.000000000000000000, 1.000000000000000000 ) ) ;
#499 = ADVANCED_FACE ( 'NONE', ( #3520 ), #3241, .F. ) ;
#500 = CARTESIAN_POINT ( 'NONE',  ( 6.260440446146845372E-14, 30.00000000000000355, -46.50000000000000711 ) ) ;
#501 = VERTEX_POINT ( 'NONE', #2960 ) ;
#502 = CARTESIAN_POINT ( 'NONE',  ( 54.30000000000000426, 0.000000000000000000, -11.00000000000000000 ) ) ;
#503 = LINE ( 'NONE', #3048, #1129 ) ;
#504 = EDGE_CURVE ( 'NONE', #1994, #2908, #2742, .T. ) ;
#505 = VECTOR ( 'NONE', #1023, 1000.000000000000000 ) ;
#506 = AXIS2_PLACEMENT_3D ( 'NONE', #2585, #2364, #938 ) ;
#507 = LINE ( 'NONE', #216, #559 ) ;
#508 = LINE ( 'NONE', #1674, #284 ) ;
#509 = CIRCLE ( 'NONE', #2604, 0.7999999999999882760 ) ;
#510 = CARTESIAN_POINT ( 'NONE',  ( 56.40000000000046754, -0.5000000000000014433, -12.30000000000001137 ) ) ;
#511 = AXIS2_PLACEMENT_3D ( 'NONE', #1209, #2071, #599 ) ;
#512 = ORIENTED_EDGE ( 'NONE', *, *, #1471, .T. ) ;
#513 = ORIENTED_EDGE ( 'NONE', *, *, #2162, .F. ) ;
#514 = ORIENTED_EDGE ( 'NONE', *, *, #2942, .T. ) ;
#515 = CARTESIAN_POINT ( 'NONE',  ( 69.59999999999999432, 5.000000000000000000, 0.000000000000000000 ) ) ;
#516 = LINE ( 'NONE', #3622, #1962 ) ;
#517 = ADVANCED_FACE ( 'NONE', ( #1601 ), #421, .T. ) ;
#518 = AXIS2_PLACEMENT_3D ( 'NONE', #2397, #3247, #370 ) ;
#519 = CARTESIAN_POINT ( 'NONE',  ( 1.561981751485802854E-13, 30.00000000000000355, -38.50000000000002132 ) ) ;
#520 = VECTOR ( 'NONE', #2650, 1000.000000000000000 ) ;
#521 = ORIENTED_EDGE ( 'NONE', *, *, #2954, .T. ) ;
#522 = DIRECTION ( 'NONE',  ( -1.000000000000000000, -0.000000000000000000, -0.000000000000000000 ) ) ;
#523 = FACE_OUTER_BOUND ( 'NONE', #985, .T. ) ;
#524 = AXIS2_PLACEMENT_3D ( 'NONE', #2352, #1767, #885 ) ;
#525 = EDGE_CURVE ( 'NONE', #586, #1640, #978, .T. ) ;
#526 = DIRECTION ( 'NONE',  ( 0.000000000000000000, 0.000000000000000000, -1.000000000000000000 ) ) ;
#527 = VECTOR ( 'NONE', #376, 1000.000000000000000 ) ;
#528 = DIRECTION ( 'NONE',  ( 0.000000000000000000, 0.000000000000000000, -1.000000000000000000 ) ) ;
#529 = UNCERTAINTY_MEASURE_WITH_UNIT (LENGTH_MEASURE( 1.000000000000000082E-05 ), #112, 'distance_accuracy_value', 'NONE');
#530 = PRODUCT_DEFINITION_FORMATION_WITH_SPECIFIED_SOURCE ( 'ANY', '', #1675, .NOT_KNOWN. ) ;
#531 = ADVANCED_FACE ( 'NONE', ( #402 ), #3576, .F. ) ;
#532 = ORIENTED_EDGE ( 'NONE', *, *, #2862, .F. ) ;
#533 = VERTEX_POINT ( 'NONE', #184 ) ;
#534 = ORIENTED_EDGE ( 'NONE', *, *, #250, .T. ) ;
#535 = FACE_OUTER_BOUND ( 'NONE', #1841, .T. ) ;
#536 = CARTESIAN_POINT ( 'NONE',  ( 3.123963502971605709E-13, 30.00000000000000355, -23.50000000000004263 ) ) ;
#537 = EDGE_LOOP ( 'NONE', ( #2486, #3527, #493, #3619 ) ) ;
#538 = CARTESIAN_POINT ( 'NONE',  ( 69.60000000000036380, 30.00000000000000355, -17.50000000000004974 ) ) ;
#539 = DIRECTION ( 'NONE',  ( 0.000000000000000000, 0.000000000000000000, -1.000000000000000000 ) ) ;
#540 = DIRECTION ( 'NONE',  ( -1.000000000000000000, 0.000000000000000000, -0.000000000000000000 ) ) ;
#541 = FACE_OUTER_BOUND ( 'NONE', #3230, .T. ) ;
#542 = CARTESIAN_POINT ( 'NONE',  ( 0.000000000000000000, 5.000000000000000000, 0.000000000000000000 ) ) ;
#543 = ADVANCED_FACE ( 'NONE', ( #3282 ), #1304, .F. ) ;
#544 = PLANE ( 'NONE',  #1355 ) ;
#545 = ADVANCED_FACE ( 'NONE', ( #1342 ), #3368, .F. ) ;
#546 = EDGE_LOOP ( 'NONE', ( #3526, #1271, #2522, #392 ) ) ;
#547 = ORIENTED_EDGE ( 'NONE', *, *, #961, .T. ) ;
#548 = VERTEX_POINT ( 'NONE', #2168 ) ;
#549 = CARTESIAN_POINT ( 'NONE',  ( 11.09499999999531994, -0.5000000000000000000, -11.00000000000000000 ) ) ;
#550 = DIRECTION ( 'NONE',  ( -0.000000000000000000, -1.000000000000000000, -0.000000000000000000 ) ) ;
#551 = ORIENTED_EDGE ( 'NONE', *, *, #2459, .T. ) ;
#552 = DIRECTION ( 'NONE',  ( 0.000000000000000000, 0.000000000000000000, -1.000000000000000000 ) ) ;
#553 = LINE ( 'NONE', #915, #769 ) ;
#554 = CARTESIAN_POINT ( 'NONE',  ( 69.60000000000036380, 30.00000000000000355, -16.50000000000004974 ) ) ;
#555 = VECTOR ( 'NONE', #3136, 1000.000000000000000 ) ;
#556 = DIRECTION ( 'NONE',  ( 1.000000000000000000, 0.000000000000000000, 0.000000000000000000 ) ) ;
#557 = FACE_OUTER_BOUND ( 'NONE', #3425, .T. ) ;
#558 = LINE ( 'NONE', #1959, #764 ) ;
#559 = VECTOR ( 'NONE', #1361, 1000.000000000000000 ) ;
#560 = FACE_OUTER_BOUND ( 'NONE', #2652, .T. ) ;
#561 = EDGE_CURVE ( 'NONE', #2386, #2379, #455, .T. ) ;
#562 = APPLICATION_CONTEXT ( 'automotive_design' ) ;
#563 = VECTOR ( 'NONE', #2011, 1000.000000000000000 ) ;
#564 = ORIENTED_EDGE ( 'NONE', *, *, #2927, .F. ) ;
#565 = VECTOR ( 'NONE', #2422, 1000.000000000000000 ) ;
#566 = ADVANCED_FACE ( 'NONE', ( #2481 ), #475, .F. ) ;
#567 = ADVANCED_FACE ( 'NONE', ( #3593 ), #1763, .F. ) ;
#568 = ORIENTED_EDGE ( 'NONE', *, *, #2410, .T. ) ;
#569 = ORIENTED_EDGE ( 'NONE', *, *, #863, .T. ) ;
#570 = LINE ( 'NONE', #1695, #2923 ) ;
#571 = EDGE_LOOP ( 'NONE', ( #817, #1613, #2117, #103 ) ) ;
#572 = EDGE_CURVE ( 'NONE', #1063, #3580, #128, .T. ) ;
#573 = DIRECTION ( 'NONE',  ( -0.000000000000000000, 0.000000000000000000, 1.000000000000000000 ) ) ;
#574 = ORIENTED_EDGE ( 'NONE', *, *, #1222, .F. ) ;
#575 = DIRECTION ( 'NONE',  ( 0.000000000000000000, 0.000000000000000000, -1.000000000000000000 ) ) ;
#576 = CARTESIAN_POINT ( 'NONE',  ( 11.09499999999531994, -0.5000000000000000000, -15.19999999999999929 ) ) ;
#577 =( NAMED_UNIT ( * ) PLANE_ANGLE_UNIT ( ) SI_UNIT ( $, .RADIAN. ) );
#578 = DIRECTION ( 'NONE',  ( -1.057758217059028854E-16, 0.000000000000000000, 1.000000000000000000 ) ) ;
#579 = CARTESIAN_POINT ( 'NONE',  ( 3.123963502971605961E-14, 30.00000000000000355, -50.50000000000000000 ) ) ;
#580 = DIRECTION ( 'NONE',  ( 0.000000000000000000, 0.000000000000000000, -1.000000000000000000 ) ) ;
#581 = AXIS2_PLACEMENT_3D ( 'NONE', #1915, #207, #1067 ) ;
#582 = DIRECTION ( 'NONE',  ( -0.000000000000000000, -1.000000000000000000, -0.000000000000000000 ) ) ;
#583 = VECTOR ( 'NONE', #1725, 1000.000000000000000 ) ;
#584 = CARTESIAN_POINT ( 'NONE',  ( 3.123963502971605961E-14, 30.00000000000000355, -50.50000000000000000 ) ) ;
#585 = VECTOR ( 'NONE', #125, 1000.000000000000000 ) ;
#586 = VERTEX_POINT ( 'NONE', #163 ) ;
#587 = ORIENTED_EDGE ( 'NONE', *, *, #2948, .T. ) ;
#588 = ORIENTED_EDGE ( 'NONE', *, *, #2997, .F. ) ;
#589 = CARTESIAN_POINT ( 'NONE',  ( 52.30500000000000682, -3.000000000000000000, -11.09999999999999964 ) ) ;
#590 = EDGE_CURVE ( 'NONE', #2322, #1927, #2184, .T. ) ;
#591 = VERTEX_POINT ( 'NONE', #1057 ) ;
#592 = PLANE ( 'NONE',  #1951 ) ;
#593 = VERTEX_POINT ( 'NONE', #2203 ) ;
#594 = CARTESIAN_POINT ( 'NONE',  ( 13.19999999999999929, -0.5000000000000000000, -41.89999999999999858 ) ) ;
#595 = LINE ( 'NONE', #1737, #884 ) ;
#596 = ADVANCED_FACE ( 'NONE', ( #3316 ), #1901, .F. ) ;
#597 = LINE ( 'NONE', #1445, #454 ) ;
#598 = DIRECTION ( 'NONE',  ( 1.000000000000000000, 0.000000000000000000, 0.000000000000000000 ) ) ;
#599 = DIRECTION ( 'NONE',  ( 0.000000000000000000, -0.000000000000000000, -1.000000000000000000 ) ) ;
#600 = DIRECTION ( 'NONE',  ( -1.000000000000000000, -0.000000000000000000, -0.000000000000000000 ) ) ;
#601 = CARTESIAN_POINT ( 'NONE',  ( 69.60000000000052012, 30.00000000000000355, -2.500000000000071498 ) ) ;
#602 = ORIENTED_EDGE ( 'NONE', *, *, #3314, .F. ) ;
#603 = CARTESIAN_POINT ( 'NONE',  ( 54.05500000000000682, 0.000000000000000000, -45.64999999999999858 ) ) ;
#604 = ORIENTED_EDGE ( 'NONE', *, *, #3267, .F. ) ;
#605 = DIRECTION ( 'NONE',  ( -0.000000000000000000, 1.000000000000000000, -0.000000000000000000 ) ) ;
#606 = ORIENTED_EDGE ( 'NONE', *, *, #1335, .F. ) ;
#607 = ORIENTED_EDGE ( 'NONE', *, *, #2369, .F. ) ;
#608 = DIRECTION ( 'NONE',  ( 0.000000000000000000, 0.000000000000000000, -1.000000000000000000 ) ) ;
#609 = EDGE_CURVE ( 'NONE', #2621, #3001, #1620, .T. ) ;
#610 = EDGE_LOOP ( 'NONE', ( #373, #1365, #2014, #913 ) ) ;
#611 = FACE_OUTER_BOUND ( 'NONE', #2579, .T. ) ;
#612 = CARTESIAN_POINT ( 'NONE',  ( 1.251344020363393808E-16, 30.00000000000000355, -52.50000000000000000 ) ) ;
#613 = CARTESIAN_POINT ( 'NONE',  ( 69.60000000000052012, 30.00000000000000355, -1.500000000000070610 ) ) ;
#614 = EDGE_CURVE ( 'NONE', #931, #196, #1865, .T. ) ;
#615 = LINE ( 'NONE', #317, #2363 ) ;
#616 = CARTESIAN_POINT ( 'NONE',  ( 17.29500000000000526, -3.000000000000000000, -11.09999999999999964 ) ) ;
#617 = CARTESIAN_POINT ( 'NONE',  ( 69.60000000000033538, 30.00000000000000355, -20.50000000000004619 ) ) ;
#618 = VECTOR ( 'NONE', #2870, 1000.000000000000000 ) ;
#619 = FACE_OUTER_BOUND ( 'NONE', #2789, .T. ) ;
#620 = CARTESIAN_POINT ( 'NONE',  ( 54.30000000000001137, -0.5000000000000000000, -15.19999999999999929 ) ) ;
#621 = CARTESIAN_POINT ( 'NONE',  ( 2.812818496694808584E-13, 30.00000000000000355, -25.50000000000003553 ) ) ;
#622 = AXIS2_PLACEMENT_3D ( 'NONE', #1745, #2333, #2884 ) ;
#623 = EDGE_LOOP ( 'NONE', ( #514, #513, #958, #1730 ) ) ;
#624 = DIRECTION ( 'NONE',  ( 0.000000000000000000, 0.000000000000000000, 1.000000000000000000 ) ) ;
#625 = ORIENTED_EDGE ( 'NONE', *, *, #2342, .T. ) ;
#626 = DIRECTION ( 'NONE',  ( -0.000000000000000000, -0.000000000000000000, 1.000000000000000000 ) ) ;
#627 = ORIENTED_EDGE ( 'NONE', *, *, #859, .F. ) ;
#628 = AXIS2_PLACEMENT_3D ( 'NONE', #2281, #573, #1716 ) ;
#629 = EDGE_LOOP ( 'NONE', ( #204, #3408, #3302, #2877 ) ) ;
#630 = VECTOR ( 'NONE', #1282, 1000.000000000000000 ) ;
#631 = VERTEX_POINT ( 'NONE', #2760 ) ;
#632 = DIRECTION ( 'NONE',  ( 1.000000000000000000, 0.000000000000000000, 0.000000000000000000 ) ) ;
#633 = CARTESIAN_POINT ( 'NONE',  ( 15.29499999999532101, -0.5000000000000000000, -11.00000000000000000 ) ) ;
#634 = EDGE_CURVE ( 'NONE', #2453, #3246, #3114, .T. ) ;
#635 = FACE_OUTER_BOUND ( 'NONE', #3003, .T. ) ;
#636 = ORIENTED_EDGE ( 'NONE', *, *, #3466, .F. ) ;
#637 = LINE ( 'NONE', #616, #333 ) ;
#638 = CARTESIAN_POINT ( 'NONE',  ( 6.247927005943211922E-14, 30.00000000000000355, -47.50000000000000711 ) ) ;
#639 = EDGE_CURVE ( 'NONE', #3564, #647, #2823, .T. ) ;
#640 = CARTESIAN_POINT ( 'NONE',  ( 0.000000000000000000, 30.00000000000000355, 0.000000000000000000 ) ) ;
#641 = VECTOR ( 'NONE', #149, 1000.000000000000000 ) ;
#642 = VECTOR ( 'NONE', #1502, 1000.000000000000000 ) ;
#643 = CARTESIAN_POINT ( 'NONE',  ( 69.60000000000019327, 30.00000000000000355, -35.50000000000002132 ) ) ;
#644 = ADVANCED_FACE ( 'NONE', ( #261 ), #2549, .F. ) ;
#645 = VECTOR ( 'NONE', #85, 1000.000000000000000 ) ;
#646 = FACE_BOUND ( 'NONE', #2404, .T. ) ;
#647 = VERTEX_POINT ( 'NONE', #1378 ) ;
#648 = VECTOR ( 'NONE', #2108, 1000.000000000000000 ) ;
#649 = ORIENTED_EDGE ( 'NONE', *, *, #2452, .F. ) ;
#650 = AXIS2_PLACEMENT_3D ( 'NONE', #193, #2527, #794 ) ;
#651 = ORIENTED_EDGE ( 'NONE', *, *, #3150, .T. ) ;
#652 = VERTEX_POINT ( 'NONE', #2809 ) ;
#653 = FACE_OUTER_BOUND ( 'NONE', #190, .T. ) ;
#654 = LINE ( 'NONE', #2935, #527 ) ;
#655 = CARTESIAN_POINT ( 'NONE',  ( 58.50000000000000000, -0.5000000000000000000, -39.79999999999999716 ) ) ;
#656 = ORIENTED_EDGE ( 'NONE', *, *, #3380, .F. ) ;
#657 = DIRECTION ( 'NONE',  ( -0.000000000000000000, -1.000000000000000000, -0.000000000000000000 ) ) ;
#658 = FACE_OUTER_BOUND ( 'NONE', #2056, .T. ) ;
#659 = LINE ( 'NONE', #1247, #752 ) ;
#660 = CARTESIAN_POINT ( 'NONE',  ( 3.437611197289129523E-13, 30.00000000000000355, -19.50000000000004619 ) ) ;
#661 = CARTESIAN_POINT ( 'NONE',  ( 0.000000000000000000, 5.000000000000000000, -49.50000000000000000 ) ) ;
#662 = EDGE_CURVE ( 'NONE', #1497, #3305, #2271, .T. ) ;
#663 = CARTESIAN_POINT ( 'NONE',  ( 0.000000000000000000, 5.000000000000000000, -40.50000000000001421 ) ) ;
#664 = EDGE_CURVE ( 'NONE', #1850, #1494, #3100, .T. ) ;
#665 = VERTEX_POINT ( 'NONE', #248 ) ;
#666 = EDGE_LOOP ( 'NONE', ( #348, #2816, #2988 ) ) ;
#667 = ORIENTED_EDGE ( 'NONE', *, *, #2705, .F. ) ;
#668 = VERTEX_POINT ( 'NONE', #1392 ) ;
#669 = FACE_OUTER_BOUND ( 'NONE', #2041, .T. ) ;
#670 = DIRECTION ( 'NONE',  ( -0.000000000000000000, -0.000000000000000000, 1.000000000000000000 ) ) ;
#671 = DIRECTION ( 'NONE',  ( 1.057758217059028854E-16, 0.000000000000000000, -1.000000000000000000 ) ) ;
#672 = VERTEX_POINT ( 'NONE', #3660 ) ;
#673 = DIRECTION ( 'NONE',  ( -1.000000000000000000, 0.000000000000000000, -0.000000000000000000 ) ) ;
#674 = DIRECTION ( 'NONE',  ( 0.000000000000000000, 0.000000000000000000, -1.000000000000000000 ) ) ;
#675 = DIRECTION ( 'NONE',  ( -1.000000000000000000, 0.000000000000000000, -0.000000000000000000 ) ) ;
#676 = CYLINDRICAL_SURFACE ( 'NONE', #2504, 0.7999999999999951594 ) ;
#677 = EDGE_CURVE ( 'NONE', #3325, #738, #1076, .T. ) ;
#678 = CARTESIAN_POINT ( 'NONE',  ( 69.59999999999999432, 0.000000000000000000, 0.000000000000000000 ) ) ;
#679 = ORIENTED_EDGE ( 'NONE', *, *, #1624, .T. ) ;
#680 = AXIS2_PLACEMENT_3D ( 'NONE', #1162, #838, #3337 ) ;
#681 = CARTESIAN_POINT ( 'NONE',  ( 11.09499999999531994, -0.5000000000000000000, -11.00000000000000000 ) ) ;
#682 = ORIENTED_EDGE ( 'NONE', *, *, #1630, .T. ) ;
#683 = EDGE_CURVE ( 'NONE', #2592, #3451, #1637, .T. ) ;
#684 = AXIS2_PLACEMENT_3D ( 'NONE', #2235, #1703, #785 ) ;
#685 = ORIENTED_EDGE ( 'NONE', *, *, #614, .F. ) ;
#686 = ORIENTED_EDGE ( 'NONE', *, *, #1420, .T. ) ;
#687 = CARTESIAN_POINT ( 'NONE',  ( 69.59999999999999432, 5.000000000000000000, 0.000000000000000000 ) ) ;
#688 = DIRECTION ( 'NONE',  ( 1.000000000000000000, 0.000000000000000000, 0.000000000000000000 ) ) ;
#689 = AXIS2_PLACEMENT_3D ( 'NONE', #3663, #3386, #1938 ) ;
#690 = EDGE_CURVE ( 'NONE', #17, #291, #1108, .T. ) ;
#691 = VECTOR ( 'NONE', #2030, 1000.000000000000000 ) ;
#692 = CARTESIAN_POINT ( 'NONE',  ( 5.310737955051730007E-13, 30.00000000000000355, -2.500000000000071498 ) ) ;
#693 = EDGE_LOOP ( 'NONE', ( #2302, #2710, #1534, #2635 ) ) ;
#694 = PLANE ( 'NONE',  #2136 ) ;
#695 = CARTESIAN_POINT ( 'NONE',  ( 69.60000000000027853, 30.00000000000000355, -25.50000000000003553 ) ) ;
#696 = CARTESIAN_POINT ( 'NONE',  ( 9.371890508914817883E-14, 30.00000000000000355, -44.50000000000001421 ) ) ;
#697 = DIRECTION ( 'NONE',  ( -1.000000000000000000, -0.000000000000000000, -0.000000000000000000 ) ) ;
#698 = AXIS2_PLACEMENT_3D ( 'NONE', #1699, #1441, #914 ) ;
#699 = CARTESIAN_POINT ( 'NONE',  ( 11.09499999999531994, -0.000000000000000000, -15.19999999999999929 ) ) ;
#700 = ORIENTED_EDGE ( 'NONE', *, *, #2521, .F. ) ;
#701 = CARTESIAN_POINT ( 'NONE',  ( 2.186774452080124046E-13, 30.00000000000000355, -32.50000000000002842 ) ) ;
#702 = AXIS2_PLACEMENT_3D ( 'NONE', #2409, #979, #1621 ) ;
#703 = VERTEX_POINT ( 'NONE', #837 ) ;
#704 = VERTEX_POINT ( 'NONE', #1091 ) ;
#705 = VECTOR ( 'NONE', #105, 1000.000000000000000 ) ;
#706 = ORIENTED_EDGE ( 'NONE', *, *, #868, .F. ) ;
#707 = CARTESIAN_POINT ( 'NONE',  ( 56.40000000000000568, 4.000000000000000000, -41.09999999999999432 ) ) ;
#708 = LINE ( 'NONE', #155, #1190 ) ;
#709 = ADVANCED_FACE ( 'NONE', ( #2221 ), #2254, .F. ) ;
#710 = PRODUCT_DEFINITION_SHAPE ( 'NONE', 'NONE',  #789 ) ;
#711 = LINE ( 'NONE', #1262, #1528 ) ;
#712 = ORIENTED_EDGE ( 'NONE', *, *, #2722, .T. ) ;
#713 = FACE_OUTER_BOUND ( 'NONE', #1115, .T. ) ;
#714 = DIRECTION ( 'NONE',  ( -0.000000000000000000, -1.000000000000000000, -0.000000000000000000 ) ) ;
#715 = EDGE_CURVE ( 'NONE', #445, #2433, #3382, .T. ) ;
#716 = DIRECTION ( 'NONE',  ( 1.000000000000000000, 0.000000000000000000, 0.000000000000000000 ) ) ;
#717 = DIRECTION ( 'NONE',  ( -0.000000000000000000, -1.000000000000000000, -0.000000000000000000 ) ) ;
#718 = PLANE ( 'NONE',  #702 ) ;
#719 = LINE ( 'NONE', #678, #323 ) ;
#720 = ORIENTED_EDGE ( 'NONE', *, *, #2929, .T. ) ;
#721 = DIRECTION ( 'NONE',  ( 0.000000000000000000, -0.000000000000000000, 1.000000000000000000 ) ) ;
#722 = EDGE_LOOP ( 'NONE', ( #3219, #1678, #2616, #1747 ) ) ;
#723 = VERTEX_POINT ( 'NONE', #821 ) ;
#724 = VERTEX_POINT ( 'NONE', #1975 ) ;
#725 = DIRECTION ( 'NONE',  ( 0.000000000000000000, 0.000000000000000000, -1.000000000000000000 ) ) ;
#726 = LINE ( 'NONE', #3512, #56 ) ;
#727 = EDGE_CURVE ( 'NONE', #1835, #2892, #3065, .T. ) ;
#728 = DIRECTION ( 'NONE',  ( -0.000000000000000000, -0.000000000000000000, 1.000000000000000000 ) ) ;
#729 = EDGE_LOOP ( 'NONE', ( #3449, #2102, #2507, #327 ) ) ;
#730 = CARTESIAN_POINT ( 'NONE',  ( 69.60000000000019327, 30.00000000000000355, -35.50000000000002132 ) ) ;
#731 = DIRECTION ( 'NONE',  ( 0.000000000000000000, -1.000000000000000000, 0.000000000000000000 ) ) ;
#732 = ADVANCED_FACE ( 'NONE', ( #770 ), #3677, .T. ) ;
#733 = EDGE_CURVE ( 'NONE', #429, #1500, #2775, .T. ) ;
#734 = DIRECTION ( 'NONE',  ( -0.000000000000000000, -1.000000000000000000, -0.000000000000000000 ) ) ;
#735 = LINE ( 'NONE', #1883, #2743 ) ;
#736 = EDGE_CURVE ( 'NONE', #1607, #2100, #507, .T. ) ;
#737 = DIRECTION ( 'NONE',  ( -0.000000000000000000, -1.000000000000000000, -0.000000000000000000 ) ) ;
#738 = VERTEX_POINT ( 'NONE', #2500 ) ;
#739 = ORIENTED_EDGE ( 'NONE', *, *, #2414, .F. ) ;
#740 = VECTOR ( 'NONE', #1185, 1000.000000000000000 ) ;
#741 = ORIENTED_EDGE ( 'NONE', *, *, #2012, .T. ) ;
#742 = ORIENTED_EDGE ( 'NONE', *, *, #3421, .T. ) ;
#743 = CARTESIAN_POINT ( 'NONE',  ( 3.750007547586290498E-13, 5.000000000000000000, -16.50000000000004974 ) ) ;
#744 = DIRECTION ( 'NONE',  ( 0.000000000000000000, 1.000000000000000000, 0.000000000000000000 ) ) ;
#745 = AXIS2_PLACEMENT_3D ( 'NONE', #1037, #3015, #3261 ) ;
#746 = CARTESIAN_POINT ( 'NONE',  ( 69.60000000000022169, 30.00000000000000355, -31.50000000000002842 ) ) ;
#747 = AXIS2_PLACEMENT_3D ( 'NONE', #1278, #1820, #1896 ) ;
#748 = ORIENTED_EDGE ( 'NONE', *, *, #1764, .T. ) ;
#749 = DIRECTION ( 'NONE',  ( -0.000000000000000000, 1.000000000000000000, -0.000000000000000000 ) ) ;
#750 = CARTESIAN_POINT ( 'NONE',  ( 69.59999999999999432, 5.000000000000000000, -31.50000000000002842 ) ) ;
#751 = ADVANCED_FACE ( 'NONE', ( #1654 ), #2793, .F. ) ;
#752 = VECTOR ( 'NONE', #1806, 1000.000000000000000 ) ;
#753 = DIRECTION ( 'NONE',  ( -0.000000000000000000, -1.000000000000000000, -0.000000000000000000 ) ) ;
#754 = CARTESIAN_POINT ( 'NONE',  ( 3.123963502971605961E-14, 5.000000000000000000, -50.50000000000000000 ) ) ;
#755 = EDGE_CURVE ( 'NONE', #2400, #1084, #1685, .T. ) ;
#756 = FACE_OUTER_BOUND ( 'NONE', #1194, .T. ) ;
#757 = ORIENTED_EDGE ( 'NONE', *, *, #3040, .F. ) ;
#758 = EDGE_CURVE ( 'NONE', #3580, #1232, #2347, .T. ) ;
#759 = ORIENTED_EDGE ( 'NONE', *, *, #1582, .T. ) ;
#760 = ORIENTED_EDGE ( 'NONE', *, *, #106, .T. ) ;
#761 = ORIENTED_EDGE ( 'NONE', *, *, #3650, .T. ) ;
#762 = PLANE ( 'NONE',  #581 ) ;
#763 = DIRECTION ( 'NONE',  ( -0.000000000000000000, -1.000000000000000000, -0.000000000000000000 ) ) ;
#764 = VECTOR ( 'NONE', #824, 1000.000000000000000 ) ;
#765 = FACE_OUTER_BOUND ( 'NONE', #202, .T. ) ;
#766 = ORIENTED_EDGE ( 'NONE', *, *, #2876, .F. ) ;
#767 = CARTESIAN_POINT ( 'NONE',  ( 5.310737955051730007E-13, 30.00000000000000355, -2.500000000000071498 ) ) ;
#768 = DIRECTION ( 'NONE',  ( -0.000000000000000000, -1.000000000000000000, -0.000000000000000000 ) ) ;
#769 = VECTOR ( 'NONE', #3155, 1000.000000000000000 ) ;
#770 = FACE_OUTER_BOUND ( 'NONE', #623, .T. ) ;
#771 = CARTESIAN_POINT ( 'NONE',  ( 2.812818496694808584E-13, 30.00000000000000355, -25.50000000000003553 ) ) ;
#772 = EDGE_CURVE ( 'NONE', #1611, #548, #2028, .T. ) ;
#773 = CARTESIAN_POINT ( 'NONE',  ( 0.000000000000000000, 5.000000000000000000, -22.50000000000003908 ) ) ;
#774 = ORIENTED_EDGE ( 'NONE', *, *, #3173, .T. ) ;
#775 = ORIENTED_EDGE ( 'NONE', *, *, #3118, .T. ) ;
#776 = EDGE_CURVE ( 'NONE', #399, #1980, #102, .T. ) ;
#777 = VERTEX_POINT ( 'NONE', #854 ) ;
#778 = ORIENTED_EDGE ( 'NONE', *, *, #388, .T. ) ;
#779 = DIRECTION ( 'NONE',  ( 0.000000000000000000, -0.000000000000000000, -1.000000000000000000 ) ) ;
#780 = CARTESIAN_POINT ( 'NONE',  ( 69.60000000000006537, 30.00000000000000355, -47.50000000000000711 ) ) ;
#781 = CARTESIAN_POINT ( 'NONE',  ( 54.29999999999998295, -0.5000000000000000000, 8.970998547194340752E-14 ) ) ;
#782 = ORIENTED_EDGE ( 'NONE', *, *, #2837, .T. ) ;
#783 = PLANE ( 'NONE',  #932 ) ;
#784 = CARTESIAN_POINT ( 'NONE',  ( 69.60000000000022169, 30.00000000000000355, -32.50000000000002842 ) ) ;
#785 = DIRECTION ( 'NONE',  ( 0.000000000000000000, 0.000000000000000000, -1.000000000000000000 ) ) ;
#786 = CARTESIAN_POINT ( 'NONE',  ( 13.20000000000046825, -0.5000000000000000000, -13.09999999999999964 ) ) ;
#787 = CARTESIAN_POINT ( 'NONE',  ( 0.000000000000000000, -0.5000000000000000000, 0.000000000000000000 ) ) ;
#788 = ORIENTED_EDGE ( 'NONE', *, *, #3466, .T. ) ;
#789 = PRODUCT_DEFINITION ( 'UNKNOWN', '', #530, #825 ) ;
#790 = ORIENTED_EDGE ( 'NONE', *, *, #457, .F. ) ;
#791 = ORIENTED_EDGE ( 'NONE', *, *, #3614, .F. ) ;
#792 = ORIENTED_EDGE ( 'NONE', *, *, #3036, .T. ) ;
#793 = DIRECTION ( 'NONE',  ( 1.000000000000000000, 0.000000000000000000, 0.000000000000000000 ) ) ;
#794 = DIRECTION ( 'NONE',  ( 0.000000000000000000, -0.000000000000000000, 1.000000000000000000 ) ) ;
#795 = ADVANCED_FACE ( 'NONE', ( #635 ), #316, .T. ) ;
#796 = EDGE_LOOP ( 'NONE', ( #3504, #1623, #1434, #1171 ) ) ;
#797 = CARTESIAN_POINT ( 'NONE',  ( 0.000000000000000000, 5.000000000000000000, 0.000000000000000000 ) ) ;
#798 = ORIENTED_EDGE ( 'NONE', *, *, #1465, .T. ) ;
#799 = CARTESIAN_POINT ( 'NONE',  ( 4.062403897883450968E-13, 5.000000000000000000, -13.50000000000005329 ) ) ;
#800 = CARTESIAN_POINT ( 'NONE',  ( 69.60000000000039222, 30.00000000000000355, -14.50000000000005507 ) ) ;
#801 = VECTOR ( 'NONE', #1450, 1000.000000000000000 ) ;
#802 = ADVANCED_FACE ( 'NONE', ( #2863 ), #63, .F. ) ;
#803 = MECHANICAL_DESIGN_GEOMETRIC_PRESENTATION_REPRESENTATION (  '', ( #2246 ), #2723 ) ;
#804 = CARTESIAN_POINT ( 'NONE',  ( 15.29499999999998927, 0.000000000000000000, 6.317284658348865139E-15 ) ) ;
#805 = CARTESIAN_POINT ( 'NONE',  ( 2.811567152674445239E-13, 30.00000000000000355, -26.50000000000003908 ) ) ;
#806 = MANIFOLD_SOLID_BREP ( 'M2x0.4 Tapped Hole1', #3547 ) ;
#807 = AXIS2_PLACEMENT_3D ( 'NONE', #1322, #994, #3570 ) ;
#808 = DIRECTION ( 'NONE',  ( -1.000000000000000000, 0.000000000000000000, -0.000000000000000000 ) ) ;
#809 = AXIS2_PLACEMENT_3D ( 'NONE', #2571, #3458, #901 ) ;
#810 = ORIENTED_EDGE ( 'NONE', *, *, #2167, .T. ) ;
#811 = ORIENTED_EDGE ( 'NONE', *, *, #126, .F. ) ;
#812 = VERTEX_POINT ( 'NONE', #2645 ) ;
#813 = LINE ( 'NONE', #1047, #814 ) ;
#814 = VECTOR ( 'NONE', #2196, 1000.000000000000000 ) ;
#815 = DIRECTION ( 'NONE',  ( 1.652117596168387361E-15, 0.000000000000000000, -1.000000000000000000 ) ) ;
#816 = ADVANCED_FACE ( 'NONE', ( #3135 ), #1184, .F. ) ;
#817 = ORIENTED_EDGE ( 'NONE', *, *, #3497, .T. ) ;
#818 = CARTESIAN_POINT ( 'NONE',  ( 13.20000000000046825, 4.000000000000000000, -13.09999999999999964 ) ) ;
#819 = CARTESIAN_POINT ( 'NONE',  ( 11.09499999999531994, -0.5000000000000000000, -11.00000000000000000 ) ) ;
#820 = AXIS2_PLACEMENT_3D ( 'NONE', #2572, #9, #3240 ) ;
#821 = CARTESIAN_POINT ( 'NONE',  ( 0.000000000000000000, 5.000000000000000000, -38.50000000000002132 ) ) ;
#822 = ADVANCED_FACE ( 'NONE', ( #377 ), #1223, .F. ) ;
#823 = VECTOR ( 'NONE', #2919, 1000.000000000000000 ) ;
#824 = DIRECTION ( 'NONE',  ( 1.000000000000000000, 0.000000000000000000, 0.000000000000000000 ) ) ;
#825 = PRODUCT_DEFINITION_CONTEXT ( 'detailed design', #3192, 'design' ) ;
#826 = DIRECTION ( 'NONE',  ( 0.000000000000000000, 0.000000000000000000, 1.000000000000000000 ) ) ;
#827 = VERTEX_POINT ( 'NONE', #1160 ) ;
#828 = EDGE_LOOP ( 'NONE', ( #111, #3250 ) ) ;
#829 = ORIENTED_EDGE ( 'NONE', *, *, #1955, .T. ) ;
#830 = CYLINDRICAL_SURFACE ( 'NONE', #1779, 0.7999999999999933831 ) ;
#831 = PLANE ( 'NONE',  #2494 ) ;
#832 = CARTESIAN_POINT ( 'NONE',  ( 56.40000000000046754, -0.5000000000000014433, -13.09999999999999964 ) ) ;
#833 = VERTEX_POINT ( 'NONE', #3493 ) ;
#834 = PLANE ( 'NONE',  #1308 ) ;
#835 = CARTESIAN_POINT ( 'NONE',  ( 1.561981751485802854E-13, 30.00000000000000355, -38.50000000000002132 ) ) ;
#836 = EDGE_CURVE ( 'NONE', #2366, #548, #2048, .T. ) ;
#837 = CARTESIAN_POINT ( 'NONE',  ( 11.09499999999531994, 0.000000000000000000, -11.00000000000000000 ) ) ;
#838 = DIRECTION ( 'NONE',  ( 0.000000000000000000, -1.000000000000000000, 0.000000000000000000 ) ) ;
#839 = LINE ( 'NONE', #1783, #2730 ) ;
#840 = LINE ( 'NONE', #263, #2798 ) ;
#841 = EDGE_CURVE ( 'NONE', #2218, #3038, #2086, .T. ) ;
#842 = EDGE_CURVE ( 'NONE', #385, #3285, #3218, .T. ) ;
#843 = CARTESIAN_POINT ( 'NONE',  ( 4.685945254457409068E-13, 30.00000000000000355, -8.500000000000063949 ) ) ;
#844 = ORIENTED_EDGE ( 'NONE', *, *, #1420, .F. ) ;
#845 = ADVANCED_FACE ( 'NONE', ( #1521 ), #2660, .F. ) ;
#846 = ORIENTED_EDGE ( 'NONE', *, *, #1221, .F. ) ;
#847 = ORIENTED_EDGE ( 'NONE', *, *, #1443, .F. ) ;
#848 = CARTESIAN_POINT ( 'NONE',  ( 45.21619834710736541, -15.15223140495867327, -36.81119834710735006 ) ) ;
#849 = ORIENTED_EDGE ( 'NONE', *, *, #146, .T. ) ;
#850 = DIRECTION ( 'NONE',  ( 0.000000000000000000, 0.000000000000000000, -1.000000000000000000 ) ) ;
#851 = ORIENTED_EDGE ( 'NONE', *, *, #1287, .T. ) ;
#852 = PLANE ( 'NONE',  #3332 ) ;
#853 = LINE ( 'NONE', #576, #1255 ) ;
#854 = CARTESIAN_POINT ( 'NONE',  ( 0.000000000000000000, 30.00000000000000355, -53.50000000000000000 ) ) ;
#855 = VECTOR ( 'NONE', #2706, 1000.000000000000000 ) ;
#856 = DIRECTION ( 'NONE',  ( -0.000000000000000000, -1.000000000000000000, -0.000000000000000000 ) ) ;
#857 = DIRECTION ( 'NONE',  ( -0.000000000000000000, -1.000000000000000000, -0.000000000000000000 ) ) ;
#858 = DIRECTION ( 'NONE',  ( -0.000000000000000000, -1.000000000000000000, -0.000000000000000000 ) ) ;
#859 = EDGE_CURVE ( 'NONE', #1850, #2280, #432, .T. ) ;
#860 = VECTOR ( 'NONE', #2446, 1000.000000000000000 ) ;
#861 = DIRECTION ( 'NONE',  ( -1.000000000000000000, -0.000000000000000000, -0.000000000000000000 ) ) ;
#862 = CARTESIAN_POINT ( 'NONE',  ( 0.000000000000000000, 5.000000000000000000, -52.50000000000000000 ) ) ;
#863 = EDGE_CURVE ( 'NONE', #1232, #494, #1575, .T. ) ;
#864 = VECTOR ( 'NONE', #3603, 1000.000000000000000 ) ;
#865 = ORIENTED_EDGE ( 'NONE', *, *, #3294, .T. ) ;
#866 = VECTOR ( 'NONE', #2165, 1000.000000000000000 ) ;
#867 = CARTESIAN_POINT ( 'NONE',  ( 0.000000000000000000, 0.000000000000000000, 0.000000000000000000 ) ) ;
#868 = EDGE_CURVE ( 'NONE', #287, #2674, #1541, .T. ) ;
#869 = ORIENTED_EDGE ( 'NONE', *, *, #1991, .T. ) ;
#870 = CARTESIAN_POINT ( 'NONE',  ( 13.20000000000046825, -0.5000000000000000000, -13.09999999999999964 ) ) ;
#871 = VERTEX_POINT ( 'NONE', #122 ) ;
#872 = CARTESIAN_POINT ( 'NONE',  ( 6.247927005943211922E-14, 30.00000000000000355, -47.50000000000000711 ) ) ;
#873 = ORIENTED_EDGE ( 'NONE', *, *, #2640, .F. ) ;
#874 = CARTESIAN_POINT ( 'NONE',  ( 3.748756203565927153E-13, 30.00000000000000355, -17.50000000000004974 ) ) ;
#875 = DIRECTION ( 'NONE',  ( -0.000000000000000000, -0.000000000000000000, 1.000000000000000000 ) ) ;
#876 = VECTOR ( 'NONE', #3454, 1000.000000000000000 ) ;
#877 = FILL_AREA_STYLE_COLOUR ( '', #1166 ) ;
#878 = CARTESIAN_POINT ( 'NONE',  ( 0.000000000000000000, 5.000000000000000000, 0.000000000000000000 ) ) ;
#879 = DIRECTION ( 'NONE',  ( 0.000000000000000000, -0.000000000000000000, 1.000000000000000000 ) ) ;
#880 = DIRECTION ( 'NONE',  ( -1.000000000000000000, 0.000000000000000000, -0.000000000000000000 ) ) ;
#881 = AXIS2_PLACEMENT_3D ( 'NONE', #1284, #3555, #999 ) ;
#882 = CARTESIAN_POINT ( 'NONE',  ( 69.60000000000036380, 30.00000000000000355, -17.50000000000004974 ) ) ;
#883 = DIRECTION ( 'NONE',  ( 0.000000000000000000, 0.000000000000000000, -1.000000000000000000 ) ) ;
#884 = VECTOR ( 'NONE', #3172, 1000.000000000000000 ) ;
#885 = DIRECTION ( 'NONE',  ( 0.000000000000000000, -0.000000000000000000, -1.000000000000000000 ) ) ;
#886 = VECTOR ( 'NONE', #3208, 1000.000000000000000 ) ;
#887 = ORIENTED_EDGE ( 'NONE', *, *, #273, .F. ) ;
#888 = EDGE_CURVE ( 'NONE', #3571, #15, #3008, .T. ) ;
#889 = CARTESIAN_POINT ( 'NONE',  ( 4.999592948774933387E-13, 5.000000000000000000, -4.500000000000066613 ) ) ;
#890 = ORIENTED_EDGE ( 'NONE', *, *, #3059, .T. ) ;
#891 = CARTESIAN_POINT ( 'NONE',  ( 69.60000000000046327, 5.000000000000000000, -8.500000000000063949 ) ) ;
#892 = EDGE_LOOP ( 'NONE', ( #1288, #1590, #3128, #310 ) ) ;
#893 = EDGE_CURVE ( 'NONE', #2242, #3246, #3309, .T. ) ;
#894 = DIRECTION ( 'NONE',  ( 0.000000000000000000, -0.000000000000000000, 1.000000000000000000 ) ) ;
#895 = ORIENTED_EDGE ( 'NONE', *, *, #690, .T. ) ;
#896 = LINE ( 'NONE', #3169, #2429 ) ;
#897 = ORIENTED_EDGE ( 'NONE', *, *, #3120, .F. ) ;
#898 = CARTESIAN_POINT ( 'NONE',  ( 54.30000000000001137, -0.5000000000000000000, -39.79999999999999716 ) ) ;
#899 = DIRECTION ( 'NONE',  ( 1.000000000000000000, 0.000000000000000000, 0.000000000000000000 ) ) ;
#900 = DIRECTION ( 'NONE',  ( -0.000000000000000000, -0.000000000000000000, -1.000000000000000000 ) ) ;
#901 = DIRECTION ( 'NONE',  ( 0.000000000000000000, 0.000000000000000000, -1.000000000000000000 ) ) ;
#902 = DIRECTION ( 'NONE',  ( -0.000000000000000000, -0.000000000000000000, -1.000000000000000000 ) ) ;
#903 = CARTESIAN_POINT ( 'NONE',  ( 17.29500000000000526, -3.000000000000000000, -11.09999999999999964 ) ) ;
#904 = CARTESIAN_POINT ( 'NONE',  ( 4.374800248180611943E-13, 30.00000000000000355, -10.50000000000005862 ) ) ;
#905 = CARTESIAN_POINT ( 'NONE',  ( 0.000000000000000000, 5.000000000000000000, 0.000000000000000000 ) ) ;
#906 = ORIENTED_EDGE ( 'NONE', *, *, #3342, .F. ) ;
#907 = DIRECTION ( 'NONE',  ( -0.000000000000000000, -1.000000000000000000, -0.000000000000000000 ) ) ;
#908 = ORIENTED_EDGE ( 'NONE', *, *, #2609, .F. ) ;
#909 = DIRECTION ( 'NONE',  ( 0.000000000000000000, 0.000000000000000000, -1.000000000000000000 ) ) ;
#910 = EDGE_CURVE ( 'NONE', #2232, #2656, #711, .T. ) ;
#911 = VERTEX_POINT ( 'NONE', #3531 ) ;
#912 = ORIENTED_EDGE ( 'NONE', *, *, #2113, .T. ) ;
#913 = ORIENTED_EDGE ( 'NONE', *, *, #3539, .T. ) ;
#914 = DIRECTION ( 'NONE',  ( 0.000000000000000000, -0.000000000000000000, 1.000000000000000000 ) ) ;
#915 = CARTESIAN_POINT ( 'NONE',  ( 58.50000000000000000, 0.000000000000000000, 0.000000000000000000 ) ) ;
#916 = EDGE_CURVE ( 'NONE', #911, #3618, #2736, .T. ) ;
#917 = DIRECTION ( 'NONE',  ( 0.000000000000000000, 0.000000000000000000, -1.000000000000000000 ) ) ;
#918 = ORIENTED_EDGE ( 'NONE', *, *, #1079, .F. ) ;
#919 = LINE ( 'NONE', #362, #2074 ) ;
#920 = CARTESIAN_POINT ( 'NONE',  ( 17.29500000000000881, -3.000000000000000000, -43.89999999999999147 ) ) ;
#921 = EDGE_CURVE ( 'NONE', #3597, #2338, #449, .T. ) ;
#922 = VECTOR ( 'NONE', #25, 1000.000000000000000 ) ;
#923 = FACE_OUTER_BOUND ( 'NONE', #2553, .T. ) ;
#924 = DIRECTION ( 'NONE',  ( -0.000000000000000000, -0.000000000000000000, -1.000000000000000000 ) ) ;
#925 = PRESENTATION_LAYER_ASSIGNMENT (  '', '', ( #2246 ) ) ;
#926 = ORIENTED_EDGE ( 'NONE', *, *, #2, .T. ) ;
#927 = AXIS2_PLACEMENT_3D ( 'NONE', #2599, #3452, #1753 ) ;
#928 = CARTESIAN_POINT ( 'NONE',  ( 15.29500000000000703, -0.5000000000000000000, -44.00000000000000000 ) ) ;
#929 = VERTEX_POINT ( 'NONE', #2403 ) ;
#930 = DIRECTION ( 'NONE',  ( 0.000000000000000000, 1.000000000000000000, 0.000000000000000000 ) ) ;
#931 = VERTEX_POINT ( 'NONE', #1300 ) ;
#932 = AXIS2_PLACEMENT_3D ( 'NONE', #3658, #1934, #2233 ) ;
#933 = VERTEX_POINT ( 'NONE', #3027 ) ;
#934 = ORIENTED_EDGE ( 'NONE', *, *, #166, .F. ) ;
#935 = LINE ( 'NONE', #1276, #1064 ) ;
#936 = LINE ( 'NONE', #2361, #1372 ) ;
#937 = ADVANCED_FACE ( 'NONE', ( #1877 ), #2143, .T. ) ;
#938 = DIRECTION ( 'NONE',  ( -1.000000000000000000, 0.000000000000000000, -0.000000000000000000 ) ) ;
#939 = ORIENTED_EDGE ( 'NONE', *, *, #1014, .T. ) ;
#940 = CARTESIAN_POINT ( 'NONE',  ( 0.000000000000000000, 5.000000000000000000, 0.000000000000000000 ) ) ;
#941 = DIRECTION ( 'NONE',  ( -1.000000000000000000, -0.000000000000000000, -0.000000000000000000 ) ) ;
#942 = ADVANCED_FACE ( 'NONE', ( #179 ), #2122, .F. ) ;
#943 = DIRECTION ( 'NONE',  ( -0.000000000000000000, -1.000000000000000000, -0.000000000000000000 ) ) ;
#944 = DIRECTION ( 'NONE',  ( 1.251344020363363486E-16, 0.000000000000000000, 1.000000000000000000 ) ) ;
#945 = VECTOR ( 'NONE', #2303, 1000.000000000000000 ) ;
#946 = CARTESIAN_POINT ( 'NONE',  ( 69.59999999999999432, 5.000000000000000000, 0.000000000000000000 ) ) ;
#947 = VECTOR ( 'NONE', #2350, 1000.000000000000000 ) ;
#948 = FACE_OUTER_BOUND ( 'NONE', #77, .T. ) ;
#949 = ORIENTED_EDGE ( 'NONE', *, *, #1353, .F. ) ;
#950 = VECTOR ( 'NONE', #3063, 1000.000000000000114 ) ;
#951 = CARTESIAN_POINT ( 'NONE',  ( 3.436359853268766178E-13, 30.00000000000000355, -20.50000000000004619 ) ) ;
#952 = EDGE_LOOP ( 'NONE', ( #912, #551, #3126, #1625 ) ) ;
#953 = ORIENTED_EDGE ( 'NONE', *, *, #1792, .F. ) ;
#954 = ORIENTED_EDGE ( 'NONE', *, *, #1266, .F. ) ;
#955 = CARTESIAN_POINT ( 'NONE',  ( 13.20000000000046825, 4.000000000000000000, -13.09999999999999964 ) ) ;
#956 = DIRECTION ( 'NONE',  ( -0.000000000000000000, 1.000000000000000000, -0.000000000000000000 ) ) ;
#957 = DIRECTION ( 'NONE',  ( 0.000000000000000000, 0.000000000000000000, -1.000000000000000000 ) ) ;
#958 = ORIENTED_EDGE ( 'NONE', *, *, #1832, .F. ) ;
#959 = LINE ( 'NONE', #2107, #1653 ) ;
#960 = CARTESIAN_POINT ( 'NONE',  ( 69.59999999999999432, 5.000000000000000000, 0.000000000000000000 ) ) ;
#961 = EDGE_CURVE ( 'NONE', #3061, #933, #395, .T. ) ;
#962 = CARTESIAN_POINT ( 'NONE',  ( 69.60000000000006537, 5.000000000000000000, -47.50000000000000711 ) ) ;
#963 = FACE_OUTER_BOUND ( 'NONE', #952, .T. ) ;
#964 = EDGE_CURVE ( 'NONE', #929, #3042, #416, .T. ) ;
#965 = DIRECTION ( 'NONE',  ( -0.000000000000000000, 1.000000000000000000, -0.000000000000000000 ) ) ;
#966 = ORIENTED_EDGE ( 'NONE', *, *, #1285, .F. ) ;
#967 = LINE ( 'NONE', #701, #1493 ) ;
#968 = ADVANCED_FACE ( 'NONE', ( #2992 ), #3255, .F. ) ;
#969 = ORIENTED_EDGE ( 'NONE', *, *, #758, .T. ) ;
#970 = ORIENTED_EDGE ( 'NONE', *, *, #893, .F. ) ;
#971 = VERTEX_POINT ( 'NONE', #2163 ) ;
#972 = LINE ( 'NONE', #2657, #229 ) ;
#973 = PLANE ( 'NONE',  #1848 ) ;
#974 = DIRECTION ( 'NONE',  ( 0.000000000000000000, 0.000000000000000000, -1.000000000000000000 ) ) ;
#975 = ORIENTED_EDGE ( 'NONE', *, *, #20, .F. ) ;
#976 = CARTESIAN_POINT ( 'NONE',  ( 0.000000000000000000, 5.000000000000000000, 0.000000000000000000 ) ) ;
#977 = DIRECTION ( 'NONE',  ( -0.000000000000000000, -1.000000000000000000, -0.000000000000000000 ) ) ;
#978 = LINE ( 'NONE', #2980, #1048 ) ;
#979 = DIRECTION ( 'NONE',  ( 0.000000000000000000, 0.000000000000000000, -1.000000000000000000 ) ) ;
#980 = EDGE_CURVE ( 'NONE', #533, #2144, #2420, .T. ) ;
#981 = DIRECTION ( 'NONE',  ( 0.000000000000000000, 1.000000000000000000, 0.000000000000000000 ) ) ;
#982 = ORIENTED_EDGE ( 'NONE', *, *, #354, .F. ) ;
#983 = AXIS2_PLACEMENT_3D ( 'NONE', #458, #981, #2112 ) ;
#984 = CARTESIAN_POINT ( 'NONE',  ( 56.40000000000000568, -0.5000000000000014433, -41.89999999999999858 ) ) ;
#985 = EDGE_LOOP ( 'NONE', ( #1024, #2461, #2171, #1066 ) ) ;
#986 = AXIS2_PLACEMENT_3D ( 'NONE', #2127, #199, #675 ) ;
#987 = EDGE_CURVE ( 'NONE', #2908, #2621, #2542, .T. ) ;
#988 = ORIENTED_EDGE ( 'NONE', *, *, #1738, .F. ) ;
#989 = ORIENTED_EDGE ( 'NONE', *, *, #2568, .F. ) ;
#990 = LINE ( 'NONE', #2969, #2795 ) ;
#991 = CARTESIAN_POINT ( 'NONE',  ( 54.30000000000001137, -0.5000000000000000000, -39.79999999999999716 ) ) ;
#992 = VECTOR ( 'NONE', #1960, 1000.000000000000000 ) ;
#993 = AXIS2_PLACEMENT_3D ( 'NONE', #996, #2145, #673 ) ;
#994 = DIRECTION ( 'NONE',  ( -0.000000000000000000, -1.000000000000000000, -0.000000000000000000 ) ) ;
#995 = ORIENTED_EDGE ( 'NONE', *, *, #2519, .F. ) ;
#996 = CARTESIAN_POINT ( 'NONE',  ( 1.563233095506166199E-13, 30.00000000000000355, -37.50000000000002132 ) ) ;
#997 = CARTESIAN_POINT ( 'NONE',  ( 15.29500000000000703, 0.000000000000000000, -44.00000000000000000 ) ) ;
#998 = DIRECTION ( 'NONE',  ( 0.000000000000000000, 0.000000000000000000, 1.000000000000000000 ) ) ;
#999 = DIRECTION ( 'NONE',  ( 0.000000000000000000, 0.000000000000000000, -1.000000000000000000 ) ) ;
#1000 = AXIS2_PLACEMENT_3D ( 'NONE', #3286, #930, #721 ) ;
#1001 = VECTOR ( 'NONE', #2868, 1000.000000000000000 ) ;
#1002 = LINE ( 'NONE', #1411, #2126 ) ;
#1003 = ORIENTED_EDGE ( 'NONE', *, *, #2384, .T. ) ;
#1004 = LINE ( 'NONE', #951, #886 ) ;
#1005 = VECTOR ( 'NONE', #2902, 1000.000000000000000 ) ;
#1006 = EDGE_CURVE ( 'NONE', #2642, #378, #2178, .T. ) ;
#1007 = ORIENTED_EDGE ( 'NONE', *, *, #354, .T. ) ;
#1008 = ORIENTED_EDGE ( 'NONE', *, *, #1321, .T. ) ;
#1009 = VECTOR ( 'NONE', #2382, 1000.000000000000000 ) ;
#1010 = ORIENTED_EDGE ( 'NONE', *, *, #1078, .F. ) ;
#1011 = DIRECTION ( 'NONE',  ( 1.652117596168387361E-15, 0.000000000000000000, -1.000000000000000000 ) ) ;
#1012 = CARTESIAN_POINT ( 'NONE',  ( 58.50000000000000000, 0.000000000000000000, -39.79999999999999716 ) ) ;
#1013 = EDGE_CURVE ( 'NONE', #672, #2656, #470, .T. ) ;
#1014 = EDGE_CURVE ( 'NONE', #593, #2655, #3328, .T. ) ;
#1015 = VECTOR ( 'NONE', #2176, 1000.000000000000000 ) ;
#1016 = CARTESIAN_POINT ( 'NONE',  ( 17.29500000000000526, -2.999999999999975131, -11.09999999999999964 ) ) ;
#1017 = EDGE_LOOP ( 'NONE', ( #2806, #2417, #1103, #2693 ) ) ;
#1018 = CARTESIAN_POINT ( 'NONE',  ( 15.29499999999998927, -0.5000000000000000000, 6.317284658348865139E-15 ) ) ;
#1019 = DIRECTION ( 'NONE',  ( 0.000000000000000000, -0.000000000000000000, -1.000000000000000000 ) ) ;
#1020 = CARTESIAN_POINT ( 'NONE',  ( 54.30000000000001137, 0.000000000000000000, -39.79999999999999716 ) ) ;
#1021 = DIRECTION ( 'NONE',  ( -0.000000000000000000, -1.000000000000000000, -0.000000000000000000 ) ) ;
#1022 = CARTESIAN_POINT ( 'NONE',  ( 9.371890508914817883E-14, 30.00000000000000355, -44.50000000000001421 ) ) ;
#1023 = DIRECTION ( 'NONE',  ( -0.000000000000000000, -1.000000000000000000, -0.000000000000000000 ) ) ;
#1024 = ORIENTED_EDGE ( 'NONE', *, *, #396, .T. ) ;
#1025 = VERTEX_POINT ( 'NONE', #536 ) ;
#1026 = PLANE ( 'NONE',  #100 ) ;
#1027 = EDGE_LOOP ( 'NONE', ( #409, #2849, #988, #625 ) ) ;
#1028 = EDGE_CURVE ( 'NONE', #672, #2950, #1681, .T. ) ;
#1029 = EDGE_LOOP ( 'NONE', ( #1385, #2852, #1008 ) ) ;
#1030 = LINE ( 'NONE', #743, #2555 ) ;
#1031 = PLANE ( 'NONE',  #415 ) ;
#1032 = DIRECTION ( 'NONE',  ( -0.000000000000000000, -1.000000000000000000, -0.000000000000000000 ) ) ;
#1033 = EDGE_CURVE ( 'NONE', #1416, #723, #1404, .T. ) ;
#1034 = ORIENTED_EDGE ( 'NONE', *, *, #71, .T. ) ;
#1035 = LINE ( 'NONE', #1390, #1112 ) ;
#1036 = CARTESIAN_POINT ( 'NONE',  ( 3.136476943175239411E-14, 5.000000000000000000, -49.50000000000000000 ) ) ;
#1037 = CARTESIAN_POINT ( 'NONE',  ( 56.40000000000000568, 4.000000000000000000, -41.89999999999999858 ) ) ;
#1038 = EDGE_CURVE ( 'NONE', #812, #738, #1647, .T. ) ;
#1039 = LINE ( 'NONE', #2394, #407 ) ;
#1040 = CARTESIAN_POINT ( 'NONE',  ( 2.811567152674445239E-13, 30.00000000000000355, -26.50000000000003908 ) ) ;
#1041 = ORIENTED_EDGE ( 'NONE', *, *, #1033, .T. ) ;
#1042 = ORIENTED_EDGE ( 'NONE', *, *, #1321, .F. ) ;
#1043 = VECTOR ( 'NONE', #965, 1000.000000000000000 ) ;
#1044 = ORIENTED_EDGE ( 'NONE', *, *, #3444, .F. ) ;
#1045 = EDGE_LOOP ( 'NONE', ( #2508, #774, #3028, #2639 ) ) ;
#1046 = DIRECTION ( 'NONE',  ( -1.000000000000000000, 0.000000000000000000, 0.000000000000000000 ) ) ;
#1047 = CARTESIAN_POINT ( 'NONE',  ( 69.60000000000033538, 30.00000000000000355, -20.50000000000004619 ) ) ;
#1048 = VECTOR ( 'NONE', #734, 1000.000000000000000 ) ;
#1049 = CARTESIAN_POINT ( 'NONE',  ( 69.60000000000036380, 5.000000000000000000, -17.50000000000004974 ) ) ;
#1050 = VECTOR ( 'NONE', #3411, 1000.000000000000000 ) ;
#1051 = ORIENTED_EDGE ( 'NONE', *, *, #1624, .F. ) ;
#1052 = DIRECTION ( 'NONE',  ( -0.000000000000000000, -1.000000000000000000, -0.000000000000000000 ) ) ;
#1053 = CARTESIAN_POINT ( 'NONE',  ( 69.60000000000025011, 5.000000000000000000, -29.50000000000003197 ) ) ;
#1054 = EDGE_CURVE ( 'NONE', #441, #2400, #3672, .T. ) ;
#1055 = VECTOR ( 'NONE', #1338, 1000.000000000000227 ) ;
#1056 = LINE ( 'NONE', #2685, #630 ) ;
#1057 = CARTESIAN_POINT ( 'NONE',  ( 11.09499999999531994, -0.5000000000000000000, -15.19999999999999929 ) ) ;
#1058 = FACE_OUTER_BOUND ( 'NONE', #2749, .T. ) ;
#1059 = EDGE_CURVE ( 'NONE', #389, #2933, #1632, .T. ) ;
#1060 = EDGE_CURVE ( 'NONE', #3162, #724, #3346, .T. ) ;
#1061 = LINE ( 'NONE', #1923, #443 ) ;
#1062 = ORIENTED_EDGE ( 'NONE', *, *, #3648, .T. ) ;
#1063 = VERTEX_POINT ( 'NONE', #2231 ) ;
#1064 = VECTOR ( 'NONE', #2081, 1000.000000000000000 ) ;
#1065 = ORIENTED_EDGE ( 'NONE', *, *, #1969, .T. ) ;
#1066 = ORIENTED_EDGE ( 'NONE', *, *, #3444, .T. ) ;
#1067 = DIRECTION ( 'NONE',  ( 0.000000000000000000, -0.000000000000000000, 1.000000000000000000 ) ) ;
#1068 = CONICAL_SURFACE ( 'NONE', #1183, 0.7999999999999986011, 1.029744258676652091 ) ;
#1069 = DIRECTION ( 'NONE',  ( 1.000000000000000000, 0.000000000000000000, -0.000000000000000000 ) ) ;
#1070 = AXIS2_PLACEMENT_3D ( 'NONE', #2939, #731, #1019 ) ;
#1071 = DIRECTION ( 'NONE',  ( 0.000000000000000000, -0.000000000000000000, -1.000000000000000000 ) ) ;
#1072 = ORIENTED_EDGE ( 'NONE', *, *, #3267, .T. ) ;
#1073 = DIRECTION ( 'NONE',  ( 1.000000000000000000, 0.000000000000000000, 0.000000000000000000 ) ) ;
#1074 = LINE ( 'NONE', #784, #2213 ) ;
#1075 = VECTOR ( 'NONE', #3414, 1000.000000000000000 ) ;
#1076 = LINE ( 'NONE', #3645, #1466 ) ;
#1077 = DIRECTION ( 'NONE',  ( 0.000000000000000000, 1.000000000000000000, 0.000000000000000000 ) ) ;
#1078 = EDGE_CURVE ( 'NONE', #2620, #15, #195, .T. ) ;
#1079 = EDGE_CURVE ( 'NONE', #3550, #1331, #1373, .T. ) ;
#1080 = ORIENTED_EDGE ( 'NONE', *, *, #2609, .T. ) ;
#1081 = ORIENTED_EDGE ( 'NONE', *, *, #3166, .T. ) ;
#1082 = EDGE_LOOP ( 'NONE', ( #1803, #2173, #1477, #55 ) ) ;
#1083 = EDGE_CURVE ( 'NONE', #3257, #2817, #2495, .T. ) ;
#1084 = VERTEX_POINT ( 'NONE', #2265 ) ;
#1085 = CARTESIAN_POINT ( 'NONE',  ( 69.60000000000043485, 30.00000000000000355, -11.50000000000005862 ) ) ;
#1086 = LINE ( 'NONE', #1319, #2444 ) ;
#1087 = LINE ( 'NONE', #872, #1050 ) ;
#1088 = VERTEX_POINT ( 'NONE', #1049 ) ;
#1089 = CARTESIAN_POINT ( 'NONE',  ( 0.000000000000000000, 5.000000000000000000, -29.50000000000003197 ) ) ;
#1090 = CARTESIAN_POINT ( 'NONE',  ( 13.19999999999999929, -0.5000000000000014433, -41.10000000000000853 ) ) ;
#1091 = CARTESIAN_POINT ( 'NONE',  ( 0.000000000000000000, 5.000000000000000000, -32.50000000000002842 ) ) ;
#1092 = DIRECTION ( 'NONE',  ( 0.000000000000000000, -0.000000000000000000, 1.000000000000000000 ) ) ;
#1093 = DIRECTION ( 'NONE',  ( 0.000000000000000000, -0.000000000000000000, -1.000000000000000000 ) ) ;
#1094 = ORIENTED_EDGE ( 'NONE', *, *, #3381, .T. ) ;
#1095 = EDGE_CURVE ( 'NONE', #1349, #1640, #1409, .T. ) ;
#1096 = ORIENTED_EDGE ( 'NONE', *, *, #1514, .T. ) ;
#1097 = EDGE_LOOP ( 'NONE', ( #3310, #1869, #2801, #3356 ) ) ;
#1098 = DIRECTION ( 'NONE',  ( -1.000000000000000000, 0.000000000000000000, -0.000000000000000000 ) ) ;
#1099 = CARTESIAN_POINT ( 'NONE',  ( 56.40000000000046754, 4.000000000000000000, -12.29999999999999716 ) ) ;
#1100 = ADVANCED_FACE ( 'NONE', ( #1983 ), #244, .F. ) ;
#1101 = AXIS2_PLACEMENT_3D ( 'NONE', #88, #2097, #3229 ) ;
#1102 = CARTESIAN_POINT ( 'NONE',  ( 1.563233095506166199E-13, 30.00000000000000355, -37.50000000000002132 ) ) ;
#1103 = ORIENTED_EDGE ( 'NONE', *, *, #3021, .F. ) ;
#1104 = LINE ( 'NONE', #538, #3375 ) ;
#1105 = DIRECTION ( 'NONE',  ( -0.000000000000000000, -0.000000000000000000, -1.000000000000000000 ) ) ;
#1106 = VECTOR ( 'NONE', #1802, 1000.000000000000000 ) ;
#1107 = AXIS2_PLACEMENT_3D ( 'NONE', #1547, #753, #2998 ) ;
#1108 = LINE ( 'NONE', #3400, #3423 ) ;
#1109 = FACE_OUTER_BOUND ( 'NONE', #1214, .T. ) ;
#1110 = VECTOR ( 'NONE', #157, 1000.000000000000000 ) ;
#1111 = CARTESIAN_POINT ( 'NONE',  ( 69.59999999999999432, 5.000000000000000000, -34.50000000000002132 ) ) ;
#1112 = VECTOR ( 'NONE', #2758, 1000.000000000000000 ) ;
#1113 = ORIENTED_EDGE ( 'NONE', *, *, #2653, .T. ) ;
#1114 = ORIENTED_EDGE ( 'NONE', *, *, #3450, .T. ) ;
#1115 = EDGE_LOOP ( 'NONE', ( #1537, #1034, #3673, #1003 ) ) ;
#1116 = CARTESIAN_POINT ( 'NONE',  ( 0.000000000000000000, 30.00000000000000355, -53.50000000000000000 ) ) ;
#1117 = EDGE_CURVE ( 'NONE', #2399, #672, #2513, .T. ) ;
#1118 = AXIS2_PLACEMENT_3D ( 'NONE', #3327, #763, #208 ) ;
#1119 = CARTESIAN_POINT ( 'NONE',  ( 0.000000000000000000, 5.000000000000000000, 0.000000000000000000 ) ) ;
#1120 = VECTOR ( 'NONE', #3585, 1000.000000000000000 ) ;
#1121 = ORIENTED_EDGE ( 'NONE', *, *, #2428, .T. ) ;
#1122 = CARTESIAN_POINT ( 'NONE',  ( 13.19999999999999929, 4.000000000000000000, -41.89999999999999858 ) ) ;
#1123 = LINE ( 'NONE', #2201, #2393 ) ;
#1124 = ADVANCED_FACE ( 'NONE', ( #765 ), #209, .F. ) ;
#1125 = AXIS2_PLACEMENT_3D ( 'NONE', #3351, #2204, #1412 ) ;
#1126 = DIRECTION ( 'NONE',  ( 0.000000000000000000, 0.000000000000000000, -1.000000000000000000 ) ) ;
#1127 = DIRECTION ( 'NONE',  ( -0.000000000000000000, -1.000000000000000000, -0.000000000000000000 ) ) ;
#1128 = FACE_OUTER_BOUND ( 'NONE', #2472, .T. ) ;
#1129 = VECTOR ( 'NONE', #213, 1000.000000000000000 ) ;
#1130 = CARTESIAN_POINT ( 'NONE',  ( 69.60000000000012221, 30.00000000000000355, -41.50000000000001421 ) ) ;
#1131 = EDGE_CURVE ( 'NONE', #1609, #2338, #3656, .T. ) ;
#1132 = CIRCLE ( 'NONE', #1118, 0.7999999999999899414 ) ;
#1133 = DIRECTION ( 'NONE',  ( 0.000000000000000000, 0.000000000000000000, -1.000000000000000000 ) ) ;
#1134 = ORIENTED_EDGE ( 'NONE', *, *, #29, .F. ) ;
#1135 = ORIENTED_EDGE ( 'NONE', *, *, #2, .F. ) ;
#1136 = ORIENTED_EDGE ( 'NONE', *, *, #1439, .T. ) ;
#1137 = LINE ( 'NONE', #848, #2084 ) ;
#1138 = EDGE_LOOP ( 'NONE', ( #2529, #2357, #1728, #479 ) ) ;
#1139 = EDGE_CURVE ( 'NONE', #1516, #3325, #487, .T. ) ;
#1140 = LINE ( 'NONE', #3130, #2248 ) ;
#1141 = ORIENTED_EDGE ( 'NONE', *, *, #2560, .F. ) ;
#1142 = LINE ( 'NONE', #2025, #876 ) ;
#1143 = LINE ( 'NONE', #1700, #1724 ) ;
#1144 = ADVANCED_FACE ( 'NONE', ( #2247 ), #3376, .F. ) ;
#1145 = CARTESIAN_POINT ( 'NONE',  ( 0.000000000000000000, 0.000000000000000000, -9.349999999999999645 ) ) ;
#1146 = CARTESIAN_POINT ( 'NONE',  ( 0.000000000000000000, 5.000000000000000000, 0.000000000000000000 ) ) ;
#1147 = CARTESIAN_POINT ( 'NONE',  ( 52.30500000000000682, -3.000000000000000000, -43.89999999999999147 ) ) ;
#1148 = CARTESIAN_POINT ( 'NONE',  ( 69.60000000000043485, 5.000000000000000000, -11.50000000000005862 ) ) ;
#1149 = EDGE_CURVE ( 'NONE', #3407, #1474, #1087, .T. ) ;
#1150 = CARTESIAN_POINT ( 'NONE',  ( 0.000000000000000000, 30.00000000000000355, 0.000000000000000000 ) ) ;
#1151 = ORIENTED_EDGE ( 'NONE', *, *, #1013, .F. ) ;
#1152 = ORIENTED_EDGE ( 'NONE', *, *, #1791, .T. ) ;
#1153 = EDGE_LOOP ( 'NONE', ( #2669, #1871, #3532, #1323 ) ) ;
#1154 = FACE_OUTER_BOUND ( 'NONE', #1423, .T. ) ;
#1155 = ORIENTED_EDGE ( 'NONE', *, *, #481, .F. ) ;
#1156 = LINE ( 'NONE', #2875, #330 ) ;
#1157 = ORIENTED_EDGE ( 'NONE', *, *, #2177, .T. ) ;
#1158 = CARTESIAN_POINT ( 'NONE',  ( 0.000000000000000000, 5.000000000000000000, -47.50000000000000711 ) ) ;
#1159 = DIRECTION ( 'NONE',  ( -1.000000000000000000, -0.000000000000000000, -0.000000000000000000 ) ) ;
#1160 = CARTESIAN_POINT ( 'NONE',  ( 69.59999999999999432, 5.000000000000000000, -53.50000000000000000 ) ) ;
#1161 = VECTOR ( 'NONE', #2485, 1000.000000000000000 ) ;
#1162 = CARTESIAN_POINT ( 'NONE',  ( 0.000000000000000000, 5.000000000000000000, 0.000000000000000000 ) ) ;
#1163 = PLANE ( 'NONE',  #2253 ) ;
#1164 = CARTESIAN_POINT ( 'NONE',  ( 69.60000000000043485, 30.00000000000000355, -10.50000000000005862 ) ) ;
#1165 = EDGE_CURVE ( 'NONE', #631, #3023, #3152, .T. ) ;
#1166 = COLOUR_RGB ( '',0.7921568627450980005, 0.8196078431372548767, 0.9333333333333333481 ) ;
#1167 = LINE ( 'NONE', #3478, #2241 ) ;
#1168 = DIRECTION ( 'NONE',  ( 1.000000000000000000, 0.000000000000000000, 0.000000000000000000 ) ) ;
#1169 = AXIS2_PLACEMENT_3D ( 'NONE', #1432, #2574, #10 ) ;
#1170 = ADVANCED_FACE ( 'NONE', ( #1 ), #592, .F. ) ;
#1171 = ORIENTED_EDGE ( 'NONE', *, *, #3166, .F. ) ;
#1172 = AXIS2_PLACEMENT_3D ( 'NONE', #140, #400, #1244 ) ;
#1173 = CARTESIAN_POINT ( 'NONE',  ( 69.60000000000039222, 30.00000000000000355, -13.50000000000005329 ) ) ;
#1174 = ORIENTED_EDGE ( 'NONE', *, *, #736, .T. ) ;
#1175 = PLANE ( 'NONE',  #2147 ) ;
#1176 = ORIENTED_EDGE ( 'NONE', *, *, #341, .T. ) ;
#1177 = DIRECTION ( 'NONE',  ( 0.000000000000000000, 1.000000000000000000, 0.000000000000000000 ) ) ;
#1178 = EDGE_LOOP ( 'NONE', ( #2194, #1275, #3636, #1501 ) ) ;
#1179 = DIRECTION ( 'NONE',  ( -1.000000000000000000, -0.000000000000000000, -0.000000000000000000 ) ) ;
#1180 = ORIENTED_EDGE ( 'NONE', *, *, #1269, .T. ) ;
#1181 = CARTESIAN_POINT ( 'NONE',  ( 0.000000000000000000, 5.000000000000000000, 0.000000000000000000 ) ) ;
#1182 = DIRECTION ( 'NONE',  ( -1.000000000000000000, 0.000000000000000000, -0.000000000000000000 ) ) ;
#1183 = AXIS2_PLACEMENT_3D ( 'NONE', #955, #2401, #3529 ) ;
#1184 = PLANE ( 'NONE',  #1408 ) ;
#1185 = DIRECTION ( 'NONE',  ( -0.000000000000000000, -1.000000000000000000, -0.000000000000000000 ) ) ;
#1186 = PLANE ( 'NONE',  #1770 ) ;
#1187 = CARTESIAN_POINT ( 'NONE',  ( 11.09500000000000419, -0.5000000000000000000, -44.00000000000000000 ) ) ;
#1188 = AXIS2_PLACEMENT_3D ( 'NONE', #2236, #2551, #1092 ) ;
#1189 = DIRECTION ( 'NONE',  ( 0.000000000000000000, 1.000000000000000000, 0.000000000000000000 ) ) ;
#1190 = VECTOR ( 'NONE', #2439, 1000.000000000000000 ) ;
#1191 = EDGE_CURVE ( 'NONE', #399, #1199, #332, .T. ) ;
#1192 = LINE ( 'NONE', #905, #3143 ) ;
#1193 = VECTOR ( 'NONE', #2493, 1000.000000000000000 ) ;
#1194 = EDGE_LOOP ( 'NONE', ( #679, #602, #918, #2757 ) ) ;
#1195 = EDGE_CURVE ( 'NONE', #1500, #724, #1140, .T. ) ;
#1196 = DIRECTION ( 'NONE',  ( 1.000000000000000000, 0.000000000000000000, -0.000000000000000000 ) ) ;
#1197 = ORIENTED_EDGE ( 'NONE', *, *, #715, .F. ) ;
#1198 = CARTESIAN_POINT ( 'NONE',  ( 9.371890508914817883E-14, 30.00000000000000355, -44.50000000000001421 ) ) ;
#1199 = VERTEX_POINT ( 'NONE', #2022 ) ;
#1200 = ADVANCED_FACE ( 'NONE', ( #1421 ), #2563, .T. ) ;
#1201 = ORIENTED_EDGE ( 'NONE', *, *, #1610, .T. ) ;
#1202 = ORIENTED_EDGE ( 'NONE', *, *, #3125, .T. ) ;
#1203 = LINE ( 'NONE', #2547, #1422 ) ;
#1204 = CARTESIAN_POINT ( 'NONE',  ( 56.40000000000000568, -0.5000000000000014433, -41.10000000000000853 ) ) ;
#1205 = DIRECTION ( 'NONE',  ( 0.000000000000000000, 0.000000000000000000, -1.000000000000000000 ) ) ;
#1206 = EDGE_LOOP ( 'NONE', ( #908, #1279, #305 ) ) ;
#1207 = DIRECTION ( 'NONE',  ( 1.000000000000000000, 0.000000000000000000, -0.000000000000000000 ) ) ;
#1208 = CARTESIAN_POINT ( 'NONE',  ( 15.29500000000000526, -0.5000000000000000000, -39.79999999999999716 ) ) ;
#1209 = CARTESIAN_POINT ( 'NONE',  ( 0.000000000000000000, 5.000000000000000000, 0.000000000000000000 ) ) ;
#1210 = DIRECTION ( 'NONE',  ( -0.000000000000000000, -1.000000000000000000, -0.000000000000000000 ) ) ;
#1211 = PLANE ( 'NONE',  #524 ) ;
#1212 = ORIENTED_EDGE ( 'NONE', *, *, #422, .F. ) ;
#1213 = PLANE ( 'NONE',  #3607 ) ;
#1214 = EDGE_LOOP ( 'NONE', ( #2780, #2715, #1114, #1348 ) ) ;
#1215 = EDGE_CURVE ( 'NONE', #1733, #3669, #2858, .T. ) ;
#1216 = ORIENTED_EDGE ( 'NONE', *, *, #3671, .F. ) ;
#1217 = ORIENTED_EDGE ( 'NONE', *, *, #254, .F. ) ;
#1218 = EDGE_LOOP ( 'NONE', ( #895, #1889, #1591, #568 ) ) ;
#1219 = CARTESIAN_POINT ( 'NONE',  ( 15.29499999999532101, -0.5000000000000000000, -11.00000000000000000 ) ) ;
#1220 = LINE ( 'NONE', #62, #3151 ) ;
#1221 = EDGE_CURVE ( 'NONE', #2778, #2076, #1589, .T. ) ;
#1222 = EDGE_CURVE ( 'NONE', #2100, #2280, #1156, .T. ) ;
#1223 = PLANE ( 'NONE',  #506 ) ;
#1224 = ORIENTED_EDGE ( 'NONE', *, *, #3522, .T. ) ;
#1225 = CARTESIAN_POINT ( 'NONE',  ( 0.000000000000000000, 0.000000000000000000, -44.00000000000000000 ) ) ;
#1226 = LINE ( 'NONE', #340, #947 ) ;
#1227 = AXIS2_PLACEMENT_3D ( 'NONE', #878, #279, #2881 ) ;
#1228 = PLANE ( 'NONE',  #1289 ) ;
#1229 = DIRECTION ( 'NONE',  ( 0.000000000000000000, -0.000000000000000000, -1.000000000000000000 ) ) ;
#1230 = VECTOR ( 'NONE', #3095, 1000.000000000000000 ) ;
#1231 = CARTESIAN_POINT ( 'NONE',  ( 0.000000000000000000, 5.000000000000000000, -55.00000000000000000 ) ) ;
#1232 = VERTEX_POINT ( 'NONE', #311 ) ;
#1233 = CARTESIAN_POINT ( 'NONE',  ( 15.29500000000000526, -0.5000000000000000000, -39.79999999999999716 ) ) ;
#1234 = ORIENTED_EDGE ( 'NONE', *, *, #1906, .T. ) ;
#1235 = VECTOR ( 'NONE', #3533, 1000.000000000000000 ) ;
#1236 = EDGE_LOOP ( 'NONE', ( #742, #3046, #270, #2536 ) ) ;
#1237 = ADVANCED_FACE ( 'NONE', ( #1455 ), #2323, .F. ) ;
#1238 = ORIENTED_EDGE ( 'NONE', *, *, #683, .F. ) ;
#1239 = CARTESIAN_POINT ( 'NONE',  ( 11.09500000000000419, -0.5000000000000000000, 0.000000000000000000 ) ) ;
#1240 = CARTESIAN_POINT ( 'NONE',  ( 2.186774452080124046E-13, 30.00000000000000355, -32.50000000000002842 ) ) ;
#1241 = DIRECTION ( 'NONE',  ( 1.000000000000000000, 0.000000000000000000, 0.000000000000000000 ) ) ;
#1242 = EDGE_CURVE ( 'NONE', #385, #1331, #896, .T. ) ;
#1243 = ORIENTED_EDGE ( 'NONE', *, *, #3053, .T. ) ;
#1244 = DIRECTION ( 'NONE',  ( 0.000000000000000000, -0.000000000000000000, -1.000000000000000000 ) ) ;
#1245 = ADVANCED_FACE ( 'NONE', ( #2893 ), #283, .F. ) ;
#1246 = DIRECTION ( 'NONE',  ( 1.000000000000000000, 0.000000000000000000, 0.000000000000000000 ) ) ;
#1247 = CARTESIAN_POINT ( 'NONE',  ( 1.249585401188642384E-13, 30.00000000000000355, -41.50000000000001421 ) ) ;
#1248 = LINE ( 'NONE', #660, #2828 ) ;
#1249 = ADVANCED_FACE ( 'NONE', ( #1314 ), #2292, .T. ) ;
#1250 = AXIS2_PLACEMENT_3D ( 'NONE', #1369, #242, #1098 ) ;
#1251 = DIRECTION ( 'NONE',  ( 1.000000000000000000, 0.000000000000000000, 0.000000000000000000 ) ) ;
#1252 = AXIS2_PLACEMENT_3D ( 'NONE', #182, #3312, #1325 ) ;
#1253 = CARTESIAN_POINT ( 'NONE',  ( 69.59999999999999432, 5.000000000000000000, 0.000000000000000000 ) ) ;
#1254 = ORIENTED_EDGE ( 'NONE', *, *, #1906, .F. ) ;
#1255 = VECTOR ( 'NONE', #2063, 1000.000000000000000 ) ;
#1256 = CARTESIAN_POINT ( 'NONE',  ( 0.000000000000000000, -0.5000000000000000000, -44.00000000000000000 ) ) ;
#1257 = ORIENTED_EDGE ( 'NONE', *, *, #2083, .F. ) ;
#1258 = ORIENTED_EDGE ( 'NONE', *, *, #888, .T. ) ;
#1259 = ORIENTED_EDGE ( 'NONE', *, *, #1397, .T. ) ;
#1260 = CARTESIAN_POINT ( 'NONE',  ( 0.000000000000000000, 30.00000000000000355, 0.000000000000000000 ) ) ;
#1261 = CARTESIAN_POINT ( 'NONE',  ( 69.60000000000025011, 30.00000000000000355, -28.50000000000003197 ) ) ;
#1262 = CARTESIAN_POINT ( 'NONE',  ( 69.59999999999999432, 5.000000000000000000, 0.000000000000000000 ) ) ;
#1263 = ORIENTED_EDGE ( 'NONE', *, *, #2996, .T. ) ;
#1264 = LINE ( 'NONE', #160, #1235 ) ;
#1265 = LINE ( 'NONE', #2406, #1316 ) ;
#1266 = EDGE_CURVE ( 'NONE', #827, #593, #2813, .T. ) ;
#1267 = DIRECTION ( 'NONE',  ( 0.000000000000000000, -0.000000000000000000, -1.000000000000000000 ) ) ;
#1268 = CARTESIAN_POINT ( 'NONE',  ( 54.05500000000000682, 0.000000000000000000, -43.89999999999999147 ) ) ;
#1269 = EDGE_CURVE ( 'NONE', #3056, #1782, #2275, .T. ) ;
#1270 = LINE ( 'NONE', #2450, #2484 ) ;
#1271 = ORIENTED_EDGE ( 'NONE', *, *, #1165, .T. ) ;
#1272 = DIRECTION ( 'NONE',  ( 1.000000000000000000, 0.000000000000000000, 0.000000000000000000 ) ) ;
#1273 = ORIENTED_EDGE ( 'NONE', *, *, #1514, .F. ) ;
#1274 = EDGE_LOOP ( 'NONE', ( #152, #906, #482, #2468 ) ) ;
#1275 = ORIENTED_EDGE ( 'NONE', *, *, #1397, .F. ) ;
#1276 = CARTESIAN_POINT ( 'NONE',  ( 3.748756203565927153E-13, 5.000000000000000000, -17.50000000000004974 ) ) ;
#1277 = CARTESIAN_POINT ( 'NONE',  ( 69.60000000000025011, 30.00000000000000355, -28.50000000000003197 ) ) ;
#1278 = CARTESIAN_POINT ( 'NONE',  ( 5.310737955051730007E-13, 30.00000000000000355, -2.500000000000071498 ) ) ;
#1279 = ORIENTED_EDGE ( 'NONE', *, *, #504, .T. ) ;
#1280 = CARTESIAN_POINT ( 'NONE',  ( 69.60000000000033538, 30.00000000000000355, -19.50000000000004619 ) ) ;
#1281 = DIRECTION ( 'NONE',  ( -1.000000000000000000, -0.000000000000000000, -0.000000000000000000 ) ) ;
#1282 = DIRECTION ( 'NONE',  ( -0.000000000000000000, -1.000000000000000000, -0.000000000000000000 ) ) ;
#1283 = CARTESIAN_POINT ( 'NONE',  ( 6.247927005943211922E-14, 30.00000000000000355, -47.50000000000000711 ) ) ;
#1284 = CARTESIAN_POINT ( 'NONE',  ( 11.09499999999531994, -0.5000000000000000000, -11.00000000000000000 ) ) ;
#1285 = EDGE_CURVE ( 'NONE', #3001, #3306, #2836, .T. ) ;
#1286 = CARTESIAN_POINT ( 'NONE',  ( 0.000000000000000000, 30.00000000000000355, -53.50000000000000000 ) ) ;
#1287 = EDGE_CURVE ( 'NONE', #123, #3072, #1381, .T. ) ;
#1288 = ORIENTED_EDGE ( 'NONE', *, *, #2750, .T. ) ;
#1289 = AXIS2_PLACEMENT_3D ( 'NONE', #3225, #2632, #2052 ) ;
#1290 = ADVANCED_FACE ( 'NONE', ( #560 ), #1026, .F. ) ;
#1291 = CARTESIAN_POINT ( 'NONE',  ( 69.59999999999999432, 5.000000000000000000, -28.50000000000003197 ) ) ;
#1292 = ORIENTED_EDGE ( 'NONE', *, *, #3404, .T. ) ;
#1293 = AXIS2_PLACEMENT_3D ( 'NONE', #1565, #3535, #144 ) ;
#1294 = ORIENTED_EDGE ( 'NONE', *, *, #2096, .T. ) ;
#1295 = ORIENTED_EDGE ( 'NONE', *, *, #3144, .T. ) ;
#1296 = PLANE ( 'NONE',  #1604 ) ;
#1297 = FACE_OUTER_BOUND ( 'NONE', #1153, .T. ) ;
#1298 = VECTOR ( 'NONE', #3045, 1000.000000000000000 ) ;
#1299 = VECTOR ( 'NONE', #716, 1000.000000000000000 ) ;
#1300 = CARTESIAN_POINT ( 'NONE',  ( 3.748756203565927153E-13, 30.00000000000000355, -17.50000000000004974 ) ) ;
#1301 = VERTEX_POINT ( 'NONE', #2520 ) ;
#1302 = LINE ( 'NONE', #1225, #565 ) ;
#1303 = LINE ( 'NONE', #2423, #236 ) ;
#1304 = PLANE ( 'NONE',  #986 ) ;
#1305 = LINE ( 'NONE', #423, #1427 ) ;
#1306 = EDGE_CURVE ( 'NONE', #28, #3507, #1992, .T. ) ;
#1307 = VECTOR ( 'NONE', #3148, 1000.000000000000000 ) ;
#1308 = AXIS2_PLACEMENT_3D ( 'NONE', #2895, #2283, #3171 ) ;
#1309 = DIRECTION ( 'NONE',  ( -0.000000000000000000, 0.000000000000000000, 1.000000000000000000 ) ) ;
#1310 = VERTEX_POINT ( 'NONE', #3367 ) ;
#1311 = AXIS2_PLACEMENT_3D ( 'NONE', #1549, #2128, #3317 ) ;
#1312 = ORIENTED_EDGE ( 'NONE', *, *, #2904, .T. ) ;
#1313 = EDGE_CURVE ( 'NONE', #665, #1718, #1978, .T. ) ;
#1314 = FACE_OUTER_BOUND ( 'NONE', #2525, .T. ) ;
#1315 = ORIENTED_EDGE ( 'NONE', *, *, #3592, .T. ) ;
#1316 = VECTOR ( 'NONE', #3534, 1000.000000000000000 ) ;
#1317 = ORIENTED_EDGE ( 'NONE', *, *, #1313, .F. ) ;
#1318 = CARTESIAN_POINT ( 'NONE',  ( 69.60000000000009379, 5.000000000000000000, -44.50000000000001421 ) ) ;
#1319 = CARTESIAN_POINT ( 'NONE',  ( 69.59999999999999432, 5.000000000000000000, 0.000000000000000000 ) ) ;
#1320 = VECTOR ( 'NONE', #2541, 1000.000000000000000 ) ;
#1321 = EDGE_CURVE ( 'NONE', #586, #3396, #3129, .T. ) ;
#1322 = CARTESIAN_POINT ( 'NONE',  ( 56.40000000000000568, -0.5000000000000014433, -41.89999999999999858 ) ) ;
#1323 = ORIENTED_EDGE ( 'NONE', *, *, #1313, .T. ) ;
#1324 = LINE ( 'NONE', #2738, #3556 ) ;
#1325 = DIRECTION ( 'NONE',  ( -1.000000000000000000, 0.000000000000000000, -0.000000000000000000 ) ) ;
#1326 = DIRECTION ( 'NONE',  ( -1.000000000000000000, -0.000000000000000000, -0.000000000000000000 ) ) ;
#1327 = FACE_OUTER_BOUND ( 'NONE', #1814, .T. ) ;
#1328 = FACE_BOUND ( 'NONE', #89, .T. ) ;
#1329 = VERTEX_POINT ( 'NONE', #1111 ) ;
#1330 = EDGE_LOOP ( 'NONE', ( #2967, #3070, #2581, #3122 ) ) ;
#1331 = VERTEX_POINT ( 'NONE', #3068 ) ;
#1332 = EDGE_LOOP ( 'NONE', ( #1694, #2975, #2038, #2348 ) ) ;
#1333 = FACE_OUTER_BOUND ( 'NONE', #3341, .T. ) ;
#1334 = LINE ( 'NONE', #1629, #2554 ) ;
#1335 = EDGE_CURVE ( 'NONE', #3167, #2322, #3139, .T. ) ;
#1336 = DIRECTION ( 'NONE',  ( -0.000000000000000000, -0.000000000000000000, 1.000000000000000000 ) ) ;
#1337 = ORIENTED_EDGE ( 'NONE', *, *, #1884, .T. ) ;
#1338 = DIRECTION ( 'NONE',  ( -0.4499770425732601553, 0.7713892158398670817, 0.4499770425732598778 ) ) ;
#1339 = DIRECTION ( 'NONE',  ( -0.000000000000000000, -1.000000000000000000, -0.000000000000000000 ) ) ;
#1340 = ADVANCED_FACE ( 'NONE', ( #171, #3647 ), #544, .T. ) ;
#1341 = PLANE ( 'NONE',  #2903 ) ;
#1342 = FACE_OUTER_BOUND ( 'NONE', #3111, .T. ) ;
#1343 = CARTESIAN_POINT ( 'NONE',  ( 13.19999999999999929, 4.000000000000000000, -41.09999999999999432 ) ) ;
#1344 = CARTESIAN_POINT ( 'NONE',  ( 3.123963502971605709E-13, 30.00000000000000355, -23.50000000000004263 ) ) ;
#1345 = EDGE_LOOP ( 'NONE', ( #682, #1816, #3427, #3251 ) ) ;
#1346 = EDGE_LOOP ( 'NONE', ( #3642, #2670, #1257, #355 ) ) ;
#1347 = AXIS2_PLACEMENT_3D ( 'NONE', #1905, #2762, #201 ) ;
#1348 = ORIENTED_EDGE ( 'NONE', *, *, #3294, .F. ) ;
#1349 = VERTEX_POINT ( 'NONE', #510 ) ;
#1350 = CARTESIAN_POINT ( 'NONE',  ( 69.60000000000032117, 30.00000000000000355, -23.50000000000004263 ) ) ;
#1351 = CARTESIAN_POINT ( 'NONE',  ( 0.000000000000000000, 5.000000000000000000, -25.50000000000003553 ) ) ;
#1352 = VECTOR ( 'NONE', #491, 1000.000000000000000 ) ;
#1353 = EDGE_CURVE ( 'NONE', #1611, #2620, #1657, .T. ) ;
#1354 = DIRECTION ( 'NONE',  ( -0.000000000000000000, 0.000000000000000000, 1.000000000000000000 ) ) ;
#1355 = AXIS2_PLACEMENT_3D ( 'NONE', #787, #1689, #1093 ) ;
#1356 = ORIENTED_EDGE ( 'NONE', *, *, #1881, .T. ) ;
#1357 = CARTESIAN_POINT ( 'NONE',  ( 13.20000000000046647, 4.480688495222048928, -13.09999999999999964 ) ) ;
#1358 = LINE ( 'NONE', #2479, #183 ) ;
#1359 = VECTOR ( 'NONE', #3296, 1000.000000000000000 ) ;
#1360 = ADVANCED_FACE ( 'NONE', ( #2826 ), #2552, .F. ) ;
#1361 = DIRECTION ( 'NONE',  ( -0.000000000000000000, -1.000000000000000000, -0.000000000000000000 ) ) ;
#1362 = PLANE ( 'NONE',  #2324 ) ;
#1363 = EDGE_CURVE ( 'NONE', #2453, #3024, #3086, .T. ) ;
#1364 = ORIENTED_EDGE ( 'NONE', *, *, #2314, .T. ) ;
#1365 = ORIENTED_EDGE ( 'NONE', *, *, #2728, .F. ) ;
#1366 = VECTOR ( 'NONE', #3226, 1000.000000000000000 ) ;
#1367 = VERTEX_POINT ( 'NONE', #903 ) ;
#1368 = ORIENTED_EDGE ( 'NONE', *, *, #1095, .F. ) ;
#1369 = CARTESIAN_POINT ( 'NONE',  ( 2.500422146397648114E-13, 30.00000000000000355, -28.50000000000003197 ) ) ;
#1370 = VECTOR ( 'NONE', #697, 1000.000000000000000 ) ;
#1371 = DIRECTION ( 'NONE',  ( 0.000000000000000000, -1.000000000000000000, 0.000000000000000000 ) ) ;
#1372 = VECTOR ( 'NONE', #1801, 1000.000000000000000 ) ;
#1373 = LINE ( 'NONE', #228, #3553 ) ;
#1374 = EDGE_LOOP ( 'NONE', ( #1677, #2968, #3598, #1961 ) ) ;
#1375 = DIRECTION ( 'NONE',  ( -0.000000000000000000, 1.000000000000000000, -0.000000000000000000 ) ) ;
#1376 = DIRECTION ( 'NONE',  ( -0.000000000000000000, -1.000000000000000000, -0.000000000000000000 ) ) ;
#1377 = VECTOR ( 'NONE', #3560, 1000.000000000000000 ) ;
#1378 = CARTESIAN_POINT ( 'NONE',  ( 69.59999999999999432, 5.000000000000000000, -10.50000000000005862 ) ) ;
#1379 = FACE_OUTER_BOUND ( 'NONE', #3142, .T. ) ;
#1380 = EDGE_CURVE ( 'NONE', #3170, #3596, #107, .T. ) ;
#1381 = LINE ( 'NONE', #1414, #1649 ) ;
#1382 = EDGE_CURVE ( 'NONE', #1640, #1349, #509, .T. ) ;
#1383 = ORIENTED_EDGE ( 'NONE', *, *, #1631, .F. ) ;
#1384 = ORIENTED_EDGE ( 'NONE', *, *, #3319, .T. ) ;
#1385 = ORIENTED_EDGE ( 'NONE', *, *, #2428, .F. ) ;
#1386 = CARTESIAN_POINT ( 'NONE',  ( 69.60000000000039222, 5.000000000000000000, -14.50000000000005507 ) ) ;
#1387 = CARTESIAN_POINT ( 'NONE',  ( 1.249585401188642384E-13, 30.00000000000000355, -41.50000000000001421 ) ) ;
#1388 = CARTESIAN_POINT ( 'NONE',  ( 0.000000000000000000, -0.5000000000000000000, -15.19999999999999929 ) ) ;
#1389 = VERTEX_POINT ( 'NONE', #3179 ) ;
#1390 = CARTESIAN_POINT ( 'NONE',  ( 1.874378101782963577E-13, 30.00000000000000355, -35.50000000000002132 ) ) ;
#1391 = DIRECTION ( 'NONE',  ( 1.000000000000000000, 0.000000000000000000, -0.000000000000000000 ) ) ;
#1392 = CARTESIAN_POINT ( 'NONE',  ( 13.20000000000046825, -0.5000000000000014433, -13.89999999999998792 ) ) ;
#1393 = FACE_OUTER_BOUND ( 'NONE', #1940, .T. ) ;
#1394 = DIRECTION ( 'NONE',  ( -0.000000000000000000, -0.000000000000000000, -1.000000000000000000 ) ) ;
#1395 = EDGE_CURVE ( 'NONE', #971, #3571, #1525, .T. ) ;
#1396 = ORIENTED_EDGE ( 'NONE', *, *, #1605, .T. ) ;
#1397 = EDGE_CURVE ( 'NONE', #1709, #331, #1744, .T. ) ;
#1398 = ADVANCED_FACE ( 'NONE', ( #619 ), #1765, .F. ) ;
#1399 = ORIENTED_EDGE ( 'NONE', *, *, #1191, .F. ) ;
#1400 = ORIENTED_EDGE ( 'NONE', *, *, #1439, .F. ) ;
#1401 = CARTESIAN_POINT ( 'NONE',  ( 13.20000000000046825, 4.000000000000000000, -13.89999999999999680 ) ) ;
#1402 = AXIS2_PLACEMENT_3D ( 'NONE', #3500, #2925, #1447 ) ;
#1403 = EDGE_CURVE ( 'NONE', #1456, #3285, #2905, .T. ) ;
#1404 = LINE ( 'NONE', #519, #3196 ) ;
#1405 = ORIENTED_EDGE ( 'NONE', *, *, #3231, .F. ) ;
#1406 = DIRECTION ( 'NONE',  ( -1.000000000000000000, -0.000000000000000000, -0.000000000000000000 ) ) ;
#1407 = CARTESIAN_POINT ( 'NONE',  ( 69.59999999999999432, 5.000000000000000000, -40.50000000000001421 ) ) ;
#1408 = AXIS2_PLACEMENT_3D ( 'NONE', #82, #2006, #3456 ) ;
#1409 = CIRCLE ( 'NONE', #2959, 0.7999999999999882760 ) ;
#1410 = DIRECTION ( 'NONE',  ( -1.000000000000000000, 0.000000000000000000, -0.000000000000000000 ) ) ;
#1411 = CARTESIAN_POINT ( 'NONE',  ( 15.54500000000000171, 0.000000000000000000, 1.644285148418260548E-15 ) ) ;
#1412 = DIRECTION ( 'NONE',  ( 1.000000000000000000, 0.000000000000000000, 0.000000000000000000 ) ) ;
#1413 = VECTOR ( 'NONE', #65, 1000.000000000000000 ) ;
#1414 = CARTESIAN_POINT ( 'NONE',  ( 69.60000000000046327, 30.00000000000000355, -8.500000000000063949 ) ) ;
#1415 = EDGE_CURVE ( 'NONE', #871, #2711, #3499, .T. ) ;
#1416 = VERTEX_POINT ( 'NONE', #3224 ) ;
#1417 = ORIENTED_EDGE ( 'NONE', *, *, #3275, .T. ) ;
#1418 = ORIENTED_EDGE ( 'NONE', *, *, #3360, .T. ) ;
#1419 = CARTESIAN_POINT ( 'NONE',  ( 4.062403897883450968E-13, 30.00000000000000355, -13.50000000000005329 ) ) ;
#1420 = EDGE_CURVE ( 'NONE', #2225, #533, #659, .T. ) ;
#1421 = FACE_OUTER_BOUND ( 'NONE', #729, .T. ) ;
#1422 = VECTOR ( 'NONE', #2601, 1000.000000000000000 ) ;
#1423 = EDGE_LOOP ( 'NONE', ( #1152, #1711, #1571, #2353 ) ) ;
#1424 = LINE ( 'NONE', #874, #3272 ) ;
#1425 = PLANE ( 'NONE',  #2857 ) ;
#1426 = ADVANCED_FACE ( 'NONE', ( #381 ), #1341, .F. ) ;
#1427 = VECTOR ( 'NONE', #2448, 1000.000000000000000 ) ;
#1428 = CARTESIAN_POINT ( 'NONE',  ( 4.062403897883450968E-13, 30.00000000000000355, -13.50000000000005329 ) ) ;
#1429 = FACE_OUTER_BOUND ( 'NONE', #1662, .T. ) ;
#1430 = VECTOR ( 'NONE', #977, 1000.000000000000000 ) ;
#1431 = LINE ( 'NONE', #3138, #1608 ) ;
#1432 = CARTESIAN_POINT ( 'NONE',  ( 56.40000000000046754, 4.000000000000000000, -13.09999999999999964 ) ) ;
#1433 = ORIENTED_EDGE ( 'NONE', *, *, #1605, .F. ) ;
#1434 = ORIENTED_EDGE ( 'NONE', *, *, #106, .F. ) ;
#1435 = ORIENTED_EDGE ( 'NONE', *, *, #2390, .T. ) ;
#1436 = CARTESIAN_POINT ( 'NONE',  ( 0.000000000000000000, 0.000000000000000000, -39.79999999999999716 ) ) ;
#1437 = ORIENTED_EDGE ( 'NONE', *, *, #3608, .F. ) ;
#1438 = DIRECTION ( 'NONE',  ( -1.000000000000000000, 0.000000000000000000, -0.000000000000000000 ) ) ;
#1439 = EDGE_CURVE ( 'NONE', #2674, #647, #1056, .T. ) ;
#1440 = VERTEX_POINT ( 'NONE', #1600 ) ;
#1441 = DIRECTION ( 'NONE',  ( 0.000000000000000000, 1.000000000000000000, 0.000000000000000000 ) ) ;
#1442 = CARTESIAN_POINT ( 'NONE',  ( 11.09500000000000419, -0.000000000000000000, -44.00000000000000000 ) ) ;
#1443 = EDGE_CURVE ( 'NONE', #2642, #647, #3575, .T. ) ;
#1444 = CARTESIAN_POINT ( 'NONE',  ( 56.40000000000000568, -0.5000000000000000000, -41.89999999999999858 ) ) ;
#1445 = CARTESIAN_POINT ( 'NONE',  ( 2.186774452080124046E-13, 30.00000000000000355, -32.50000000000002842 ) ) ;
#1446 = CARTESIAN_POINT ( 'NONE',  ( 4.687196598477772918E-13, 30.00000000000000355, -7.500000000000062172 ) ) ;
#1447 = DIRECTION ( 'NONE',  ( -0.000000000000000000, 0.000000000000000000, 1.000000000000000000 ) ) ;
#1448 = LINE ( 'NONE', #2313, #2262 ) ;
#1449 = ORIENTED_EDGE ( 'NONE', *, *, #3299, .T. ) ;
#1450 = DIRECTION ( 'NONE',  ( 0.000000000000000000, 0.000000000000000000, -1.000000000000000000 ) ) ;
#1451 = ORIENTED_EDGE ( 'NONE', *, *, #268, .T. ) ;
#1452 = DIRECTION ( 'NONE',  ( 0.000000000000000000, 0.000000000000000000, -1.000000000000000000 ) ) ;
#1453 = ORIENTED_EDGE ( 'NONE', *, *, #2904, .F. ) ;
#1454 = ORIENTED_EDGE ( 'NONE', *, *, #836, .F. ) ;
#1455 = FACE_OUTER_BOUND ( 'NONE', #2662, .T. ) ;
#1456 = VERTEX_POINT ( 'NONE', #1020 ) ;
#1457 = DIRECTION ( 'NONE',  ( 1.000000000000000000, 0.000000000000000000, -0.000000000000000000 ) ) ;
#1458 = PLANE ( 'NONE',  #1553 ) ;
#1459 = ADVANCED_FACE ( 'NONE', ( #1864 ), #831, .T. ) ;
#1460 = DIRECTION ( 'NONE',  ( -1.000000000000000000, 0.000000000000000000, -0.000000000000000000 ) ) ;
#1461 = VECTOR ( 'NONE', #1210, 1000.000000000000000 ) ;
#1462 = CARTESIAN_POINT ( 'NONE',  ( 4.687196598477772918E-13, 30.00000000000000355, -7.500000000000062172 ) ) ;
#1463 = FACE_BOUND ( 'NONE', #828, .T. ) ;
#1464 = DIRECTION ( 'NONE',  ( 1.000000000000000000, 0.000000000000000000, 0.000000000000000000 ) ) ;
#1465 = EDGE_CURVE ( 'NONE', #1500, #2592, #1949, .T. ) ;
#1466 = VECTOR ( 'NONE', #1987, 1000.000000000000000 ) ;
#1467 = CARTESIAN_POINT ( 'NONE',  ( 54.30000000000001137, -0.000000000000000000, -15.19999999999999929 ) ) ;
#1468 = CARTESIAN_POINT ( 'NONE',  ( 69.59999999999999432, 0.000000000000000000, 0.000000000000000000 ) ) ;
#1469 = VECTOR ( 'NONE', #2544, 1000.000000000000000 ) ;
#1470 = ORIENTED_EDGE ( 'NONE', *, *, #2362, .T. ) ;
#1471 = EDGE_CURVE ( 'NONE', #3257, #3324, #3007, .T. ) ;
#1472 = VECTOR ( 'NONE', #1972, 1000.000000000000000 ) ;
#1473 = VERTEX_POINT ( 'NONE', #1741 ) ;
#1474 = VERTEX_POINT ( 'NONE', #2629 ) ;
#1475 = LINE ( 'NONE', #1401, #2155 ) ;
#1476 = ORIENTED_EDGE ( 'NONE', *, *, #75, .F. ) ;
#1477 = ORIENTED_EDGE ( 'NONE', *, *, #2182, .F. ) ;
#1478 = VERTEX_POINT ( 'NONE', #1147 ) ;
#1479 = LINE ( 'NONE', #2624, #2445 ) ;
#1480 = CARTESIAN_POINT ( 'NONE',  ( 69.60000000000009379, 30.00000000000000355, -44.50000000000001421 ) ) ;
#1481 = VECTOR ( 'NONE', #353, 1000.000000000000000 ) ;
#1482 = AXIS2_PLACEMENT_3D ( 'NONE', #2941, #1746, #69 ) ;
#1483 = CARTESIAN_POINT ( 'NONE',  ( 5.311989299072093857E-13, 5.000000000000000000, -1.500000000000070610 ) ) ;
#1484 = EDGE_LOOP ( 'NONE', ( #1180, #2470, #3268, #2321 ) ) ;
#1485 = DIRECTION ( 'NONE',  ( 0.000000000000000000, -0.000000000000000000, 1.000000000000000000 ) ) ;
#1486 = CARTESIAN_POINT ( 'NONE',  ( 1.251344020363393808E-16, 5.000000000000000000, -52.50000000000000000 ) ) ;
#1487 = VECTOR ( 'NONE', #1790, 1000.000000000000000 ) ;
#1488 = CARTESIAN_POINT ( 'NONE',  ( 69.60000000000043485, 30.00000000000000355, -11.50000000000005862 ) ) ;
#1489 = PLANE ( 'NONE',  #90 ) ;
#1490 = VECTOR ( 'NONE', #2683, 1000.000000000000000 ) ;
#1491 = FACE_OUTER_BOUND ( 'NONE', #1682, .T. ) ;
#1492 = ADVANCED_FACE ( 'NONE', ( #318 ), #2901, .F. ) ;
#1493 = VECTOR ( 'NONE', #2985, 1000.000000000000000 ) ;
#1494 = VERTEX_POINT ( 'NONE', #2882 ) ;
#1495 = CARTESIAN_POINT ( 'NONE',  ( 69.59999999999999432, 5.000000000000000000, 0.000000000000000000 ) ) ;
#1496 = EDGE_CURVE ( 'NONE', #1367, #1473, #637, .T. ) ;
#1497 = VERTEX_POINT ( 'NONE', #339 ) ;
#1498 =( NAMED_UNIT ( * ) SI_UNIT ( $, .STERADIAN. ) SOLID_ANGLE_UNIT ( ) );
#1499 = VERTEX_POINT ( 'NONE', #2273 ) ;
#1500 = VERTEX_POINT ( 'NONE', #22 ) ;
#1501 = ORIENTED_EDGE ( 'NONE', *, *, #372, .T. ) ;
#1502 = DIRECTION ( 'NONE',  ( 0.000000000000000000, 0.000000000000000000, -1.000000000000000000 ) ) ;
#1503 = CARTESIAN_POINT ( 'NONE',  ( 0.000000000000000000, 5.000000000000000000, -55.00000000000000000 ) ) ;
#1504 = ORIENTED_EDGE ( 'NONE', *, *, #2356, .F. ) ;
#1505 = DIRECTION ( 'NONE',  ( -0.000000000000000000, -1.000000000000000000, -0.000000000000000000 ) ) ;
#1506 = CARTESIAN_POINT ( 'NONE',  ( 0.000000000000000000, 0.000000000000000000, -11.00000000000000000 ) ) ;
#1507 = DIRECTION ( 'NONE',  ( 0.000000000000000000, -1.000000000000000000, 0.000000000000000000 ) ) ;
#1508 = PLANE ( 'NONE',  #3085 ) ;
#1509 = ADVANCED_FACE ( 'NONE', ( #1463, #1128 ), #1163, .F. ) ;
#1510 = CARTESIAN_POINT ( 'NONE',  ( 0.000000000000000000, 0.000000000000000000, 0.000000000000000000 ) ) ;
#1511 = VERTEX_POINT ( 'NONE', #2607 ) ;
#1512 =( NAMED_UNIT ( * ) PLANE_ANGLE_UNIT ( ) SI_UNIT ( $, .RADIAN. ) );
#1513 = VERTEX_POINT ( 'NONE', #2331 ) ;
#1514 = EDGE_CURVE ( 'NONE', #123, #3009, #839, .T. ) ;
#1515 = EDGE_CURVE ( 'NONE', #3170, #1588, #3137, .T. ) ;
#1516 = VERTEX_POINT ( 'NONE', #43 ) ;
#1517 = ORIENTED_EDGE ( 'NONE', *, *, #1977, .F. ) ;
#1518 = LINE ( 'NONE', #3511, #1780 ) ;
#1519 = LINE ( 'NONE', #2104, #2152 ) ;
#1520 = ADVANCED_FACE ( 'NONE', ( #2922 ), #2865, .T. ) ;
#1521 = FACE_OUTER_BOUND ( 'NONE', #1861, .T. ) ;
#1522 = ORIENTED_EDGE ( 'NONE', *, *, #2187, .F. ) ;
#1523 = DIRECTION ( 'NONE',  ( -0.000000000000000000, 1.000000000000000000, -0.000000000000000000 ) ) ;
#1524 = CARTESIAN_POINT ( 'NONE',  ( 2.500422146397648114E-13, 30.00000000000000355, -28.50000000000003197 ) ) ;
#1525 = LINE ( 'NONE', #1787, #3071 ) ;
#1526 = PLANE ( 'NONE',  #3014 ) ;
#1527 = DIRECTION ( 'NONE',  ( 1.000000000000000000, 0.000000000000000000, 0.000000000000000000 ) ) ;
#1528 = VECTOR ( 'NONE', #974, 1000.000000000000000 ) ;
#1529 = VECTOR ( 'NONE', #2580, 1000.000000000000000 ) ;
#1530 = CARTESIAN_POINT ( 'NONE',  ( 0.000000000000000000, 5.000000000000000000, 0.000000000000000000 ) ) ;
#1531 = EDGE_LOOP ( 'NONE', ( #1072, #425, #2436, #3410 ) ) ;
#1532 = CARTESIAN_POINT ( 'NONE',  ( 54.30000000000001137, -0.5000000000000000000, 0.000000000000000000 ) ) ;
#1533 = ADVANCED_FACE ( 'NONE', ( #557 ), #1186, .F. ) ;
#1534 = ORIENTED_EDGE ( 'NONE', *, *, #76, .F. ) ;
#1535 = VECTOR ( 'NONE', #2288, 1000.000000000000000 ) ;
#1536 = ORIENTED_EDGE ( 'NONE', *, *, #3195, .T. ) ;
#1537 = ORIENTED_EDGE ( 'NONE', *, *, #3102, .F. ) ;
#1538 = DIRECTION ( 'NONE',  ( 0.000000000000000000, 0.000000000000000000, -1.000000000000000000 ) ) ;
#1539 = DIRECTION ( 'NONE',  ( -0.000000000000000000, -1.000000000000000000, -0.000000000000000000 ) ) ;
#1540 = EDGE_CURVE ( 'NONE', #2335, #1927, #8, .T. ) ;
#1541 = LINE ( 'NONE', #2460, #2603 ) ;
#1542 = ORIENTED_EDGE ( 'NONE', *, *, #2830, .T. ) ;
#1543 = DIRECTION ( 'NONE',  ( 0.4499770425732600443, -0.7713892158398671928, 0.4499770425732599333 ) ) ;
#1544 = CARTESIAN_POINT ( 'NONE',  ( 0.000000000000000000, 5.000000000000000000, 0.000000000000000000 ) ) ;
#1545 = EDGE_CURVE ( 'NONE', #3295, #586, #919, .T. ) ;
#1546 = VECTOR ( 'NONE', #154, 1000.000000000000000 ) ;
#1547 = CARTESIAN_POINT ( 'NONE',  ( 56.40000000000046754, 4.000000000000000000, -13.09999999999999964 ) ) ;
#1548 = VECTOR ( 'NONE', #1847, 1000.000000000000000 ) ;
#1549 = CARTESIAN_POINT ( 'NONE',  ( 13.19999999999999929, 4.000000000000000000, -41.89999999999999858 ) ) ;
#1550 = VECTOR ( 'NONE', #3161, 1000.000000000000000 ) ;
#1551 = PLANE ( 'NONE',  #1347 ) ;
#1552 = EDGE_LOOP ( 'NONE', ( #1891, #464, #1942, #651 ) ) ;
#1553 = AXIS2_PLACEMENT_3D ( 'NONE', #2327, #314, #2566 ) ;
#1554 = ORIENTED_EDGE ( 'NONE', *, *, #3099, .F. ) ;
#1555 = ORIENTED_EDGE ( 'NONE', *, *, #2909, .F. ) ;
#1556 = ORIENTED_EDGE ( 'NONE', *, *, #1791, .F. ) ;
#1557 = CARTESIAN_POINT ( 'NONE',  ( 11.09499999999531994, -0.5000000000000000000, -11.00000000000000000 ) ) ;
#1558 = FACE_OUTER_BOUND ( 'NONE', #1017, .T. ) ;
#1559 = ADVANCED_FACE ( 'NONE', ( #1429 ), #3116, .F. ) ;
#1560 = CARTESIAN_POINT ( 'NONE',  ( 0.000000000000000000, 30.00000000000000355, 0.000000000000000000 ) ) ;
#1561 = ORIENTED_EDGE ( 'NONE', *, *, #1631, .T. ) ;
#1562 = CARTESIAN_POINT ( 'NONE',  ( 0.000000000000000000, 5.000000000000000000, -19.50000000000004619 ) ) ;
#1563 = CARTESIAN_POINT ( 'NONE',  ( 69.59999999999999432, 5.000000000000000000, -55.00000000000000000 ) ) ;
#1564 = EDGE_CURVE ( 'NONE', #2623, #2416, #597, .T. ) ;
#1565 = CARTESIAN_POINT ( 'NONE',  ( 1.561981751485802854E-13, 30.00000000000000355, -38.50000000000002132 ) ) ;
#1566 = LINE ( 'NONE', #1022, #2023 ) ;
#1567 = FACE_OUTER_BOUND ( 'NONE', #3446, .T. ) ;
#1568 = ORIENTED_EDGE ( 'NONE', *, *, #268, .F. ) ;
#1569 = CARTESIAN_POINT ( 'NONE',  ( 69.60000000000012221, 5.000000000000000000, -41.50000000000001421 ) ) ;
#1570 = ORIENTED_EDGE ( 'NONE', *, *, #639, .T. ) ;
#1571 = ORIENTED_EDGE ( 'NONE', *, *, #254, .T. ) ;
#1572 = ORIENTED_EDGE ( 'NONE', *, *, #1287, .F. ) ;
#1573 = DIRECTION ( 'NONE',  ( 1.000000000000000000, 0.000000000000000000, 0.000000000000000000 ) ) ;
#1574 = LINE ( 'NONE', #2120, #2799 ) ;
#1575 = LINE ( 'NONE', #3515, #2365 ) ;
#1576 = ORIENTED_EDGE ( 'NONE', *, *, #1738, .T. ) ;
#1577 = DIRECTION ( 'NONE',  ( 1.000000000000000000, 0.000000000000000000, 0.000000000000000000 ) ) ;
#1578 = CYLINDRICAL_SURFACE ( 'NONE', #120, 0.7999999999999951594 ) ;
#1579 = EDGE_CURVE ( 'NONE', #668, #2380, #3615, .T. ) ;
#1580 = CARTESIAN_POINT ( 'NONE',  ( 3.748756203565927153E-13, 30.00000000000000355, -17.50000000000004974 ) ) ;
#1581 = FACE_OUTER_BOUND ( 'NONE', #3488, .T. ) ;
#1582 = EDGE_CURVE ( 'NONE', #2144, #2212, #2050, .T. ) ;
#1583 = AXIS2_PLACEMENT_3D ( 'NONE', #1530, #1748, #30 ) ;
#1584 = DIRECTION ( 'NONE',  ( 1.251344020363363486E-16, 0.000000000000000000, 1.000000000000000000 ) ) ;
#1585 = ORIENTED_EDGE ( 'NONE', *, *, #1403, .T. ) ;
#1586 = AXIS2_PLACEMENT_3D ( 'NONE', #2408, #1021, #2425 ) ;
#1587 = ADVANCED_FACE ( 'NONE', ( #2008 ), #1595, .F. ) ;
#1588 = VERTEX_POINT ( 'NONE', #3551 ) ;
#1589 = CIRCLE ( 'NONE', #1702, 0.8000000000000020428 ) ;
#1590 = ORIENTED_EDGE ( 'NONE', *, *, #3632, .T. ) ;
#1591 = ORIENTED_EDGE ( 'NONE', *, *, #2162, .T. ) ;
#1592 = DIRECTION ( 'NONE',  ( 0.000000000000000000, 0.000000000000000000, 1.000000000000000000 ) ) ;
#1593 = DIRECTION ( 'NONE',  ( -1.000000000000000000, 0.000000000000000000, -0.000000000000000000 ) ) ;
#1594 = VECTOR ( 'NONE', #2955, 1000.000000000000000 ) ;
#1595 = CONICAL_SURFACE ( 'NONE', #397, 0.7999999999999986011, 1.029744258676652091 ) ;
#1596 = DIRECTION ( 'NONE',  ( 1.000000000000000000, 0.000000000000000000, -0.000000000000000000 ) ) ;
#1597 = ORIENTED_EDGE ( 'NONE', *, *, #3587, .F. ) ;
#1598 = CARTESIAN_POINT ( 'NONE',  ( 4.685945254457409068E-13, 30.00000000000000355, -8.500000000000063949 ) ) ;
#1599 = FACE_OUTER_BOUND ( 'NONE', #230, .T. ) ;
#1600 = CARTESIAN_POINT ( 'NONE',  ( 0.000000000000000000, 5.000000000000000000, -20.50000000000004619 ) ) ;
#1601 = FACE_OUTER_BOUND ( 'NONE', #1097, .T. ) ;
#1602 = FACE_OUTER_BOUND ( 'NONE', #3184, .T. ) ;
#1603 = AXIS2_PLACEMENT_3D ( 'NONE', #32, #2018, #2559 ) ;
#1604 = AXIS2_PLACEMENT_3D ( 'NONE', #1219, #1573, #3271 ) ;
#1605 = EDGE_CURVE ( 'NONE', #3305, #2172, #1264, .T. ) ;
#1606 = DIRECTION ( 'NONE',  ( 1.000000000000000000, 0.000000000000000000, 0.000000000000000000 ) ) ;
#1607 = VERTEX_POINT ( 'NONE', #434 ) ;
#1608 = VECTOR ( 'NONE', #1762, 1000.000000000000000 ) ;
#1609 = VERTEX_POINT ( 'NONE', #2994 ) ;
#1610 = EDGE_CURVE ( 'NONE', #1025, #3604, #959, .T. ) ;
#1611 = VERTEX_POINT ( 'NONE', #1862 ) ;
#1612 = AXIS2_PLACEMENT_3D ( 'NONE', #2759, #2791, #1391 ) ;
#1613 = ORIENTED_EDGE ( 'NONE', *, *, #1131, .F. ) ;
#1614 = LINE ( 'NONE', #3654, #3681 ) ;
#1615 = FACE_OUTER_BOUND ( 'NONE', #3617, .T. ) ;
#1616 = CARTESIAN_POINT ( 'NONE',  ( 69.59999999999999432, 5.000000000000000000, 0.000000000000000000 ) ) ;
#1617 = ORIENTED_EDGE ( 'NONE', *, *, #964, .T. ) ;
#1618 = FACE_OUTER_BOUND ( 'NONE', #2066, .T. ) ;
#1619 = PLANE ( 'NONE',  #1612 ) ;
#1620 = LINE ( 'NONE', #2149, #2719 ) ;
#1621 = DIRECTION ( 'NONE',  ( -1.000000000000000000, 0.000000000000000000, -0.000000000000000000 ) ) ;
#1622 = DIRECTION ( 'NONE',  ( -0.000000000000000000, -0.000000000000000000, 1.000000000000000000 ) ) ;
#1623 = ORIENTED_EDGE ( 'NONE', *, *, #1395, .F. ) ;
#1624 = EDGE_CURVE ( 'NONE', #2937, #2138, #1302, .T. ) ;
#1625 = ORIENTED_EDGE ( 'NONE', *, *, #3399, .T. ) ;
#1626 = ORIENTED_EDGE ( 'NONE', *, *, #3227, .F. ) ;
#1627 = ORIENTED_EDGE ( 'NONE', *, *, #290, .F. ) ;
#1628 = CARTESIAN_POINT ( 'NONE',  ( 4.687196598477772918E-13, 5.000000000000000000, -7.500000000000062172 ) ) ;
#1629 = CARTESIAN_POINT ( 'NONE',  ( 2.499170802377284769E-13, 30.00000000000000355, -29.50000000000003197 ) ) ;
#1630 = EDGE_CURVE ( 'NONE', #703, #501, #3239, .T. ) ;
#1631 = EDGE_CURVE ( 'NONE', #1925, #385, #104, .T. ) ;
#1632 = LINE ( 'NONE', #1932, #1469 ) ;
#1633 = ORIENTED_EDGE ( 'NONE', *, *, #1582, .F. ) ;
#1634 = DIRECTION ( 'NONE',  ( 0.000000000000000000, 0.000000000000000000, -1.000000000000000000 ) ) ;
#1635 = LINE ( 'NONE', #2773, #2094 ) ;
#1636 = EDGE_CURVE ( 'NONE', #3618, #70, #3572, .T. ) ;
#1637 = LINE ( 'NONE', #1428, #3315 ) ;
#1638 = DIRECTION ( 'NONE',  ( 0.000000000000000000, 0.000000000000000000, -1.000000000000000000 ) ) ;
#1639 = VERTEX_POINT ( 'NONE', #730 ) ;
#1640 = VERTEX_POINT ( 'NONE', #3279 ) ;
#1641 = VECTOR ( 'NONE', #3558, 1000.000000000000000 ) ;
#1642 = ORIENTED_EDGE ( 'NONE', *, *, #1636, .F. ) ;
#1643 = EDGE_LOOP ( 'NONE', ( #2214, #329, #1691, #369 ) ) ;
#1644 = CARTESIAN_POINT ( 'NONE',  ( 69.60000000000025011, 30.00000000000000355, -29.50000000000003197 ) ) ;
#1645 = DIRECTION ( 'NONE',  ( -0.000000000000000000, 0.000000000000000000, 1.000000000000000000 ) ) ;
#1646 = AXIS2_PLACEMENT_3D ( 'NONE', #235, #526, #540 ) ;
#1647 = LINE ( 'NONE', #3077, #2665 ) ;
#1648 = EDGE_CURVE ( 'NONE', #153, #2691, #124, .T. ) ;
#1649 = VECTOR ( 'NONE', #1394, 1000.000000000000000 ) ;
#1650 = ORIENTED_EDGE ( 'NONE', *, *, #3040, .T. ) ;
#1651 = CARTESIAN_POINT ( 'NONE',  ( 15.29500000000000526, 0.000000000000000000, -39.79999999999999716 ) ) ;
#1652 = CARTESIAN_POINT ( 'NONE',  ( 69.59999999999999432, 5.000000000000000000, -7.500000000000062172 ) ) ;
#1653 = VECTOR ( 'NONE', #657, 1000.000000000000000 ) ;
#1654 = FACE_OUTER_BOUND ( 'NONE', #2061, .T. ) ;
#1655 = EDGE_CURVE ( 'NONE', #2355, #2656, #2716, .T. ) ;
#1656 = DIRECTION ( 'NONE',  ( -0.000000000000000000, -0.000000000000000000, -1.000000000000000000 ) ) ;
#1657 = LINE ( 'NONE', #2797, #219 ) ;
#1658 = EDGE_LOOP ( 'NONE', ( #2765, #1418, #3422, #2106 ) ) ;
#1659 = VECTOR ( 'NONE', #626, 1000.000000000000000 ) ;
#1660 = VECTOR ( 'NONE', #3235, 1000.000000000000000 ) ;
#1661 = EDGE_LOOP ( 'NONE', ( #3464, #2815, #3124, #2987 ) ) ;
#1662 = EDGE_LOOP ( 'NONE', ( #3182, #114, #3269, #3634 ) ) ;
#1663 = DIRECTION ( 'NONE',  ( -0.000000000000000000, -0.000000000000000000, -1.000000000000000000 ) ) ;
#1664 = AXIS2_PLACEMENT_3D ( 'NONE', #786, #1937, #528 ) ;
#1665 = CARTESIAN_POINT ( 'NONE',  ( 0.000000000000000000, -0.5000000000000000000, -39.79999999999999716 ) ) ;
#1666 = VECTOR ( 'NONE', #178, 1000.000000000000000 ) ;
#1667 = DIRECTION ( 'NONE',  ( 1.000000000000000000, 0.000000000000000000, 0.000000000000000000 ) ) ;
#1668 = ORIENTED_EDGE ( 'NONE', *, *, #2996, .F. ) ;
#1669 = DIRECTION ( 'NONE',  ( -0.000000000000000000, 1.000000000000000000, -0.000000000000000000 ) ) ;
#1670 = DIRECTION ( 'NONE',  ( 1.000000000000000000, 0.000000000000000000, 0.000000000000000000 ) ) ;
#1671 = VECTOR ( 'NONE', #605, 1000.000000000000000 ) ;
#1672 = ADVANCED_FACE ( 'NONE', ( #2442 ), #694, .F. ) ;
#1673 = DIRECTION ( 'NONE',  ( 0.000000000000000000, 0.000000000000000000, -1.000000000000000000 ) ) ;
#1674 = CARTESIAN_POINT ( 'NONE',  ( 69.60000000000049170, 30.00000000000000355, -5.500000000000067502 ) ) ;
#1675 = PRODUCT ( 'heatsink', 'heatsink', '', ( #1939 ) ) ;
#1676 = ADVANCED_FACE ( 'NONE', ( #1842 ), #2663, .F. ) ;
#1677 = ORIENTED_EDGE ( 'NONE', *, *, #2458, .T. ) ;
#1678 = ORIENTED_EDGE ( 'NONE', *, *, #3242, .F. ) ;
#1679 = ORIENTED_EDGE ( 'NONE', *, *, #388, .F. ) ;
#1680 = CARTESIAN_POINT ( 'NONE',  ( 11.09499999999531994, 0.000000000000000000, -11.00000000000000000 ) ) ;
#1681 = LINE ( 'NONE', #797, #1768 ) ;
#1682 = EDGE_LOOP ( 'NONE', ( #574, #480, #1135, #1776 ) ) ;
#1683 = LINE ( 'NONE', #2345, #404 ) ;
#1684 = DIRECTION ( 'NONE',  ( 0.000000000000000000, 0.000000000000000000, -1.000000000000000000 ) ) ;
#1685 = LINE ( 'NONE', #3434, #2779 ) ;
#1686 = PLANE ( 'NONE',  #2535 ) ;
#1687 = LINE ( 'NONE', #771, #233 ) ;
#1688 = ADVANCED_FACE ( 'NONE', ( #2957 ), #452, .F. ) ;
#1689 = DIRECTION ( 'NONE',  ( 0.000000000000000000, -1.000000000000000000, 0.000000000000000000 ) ) ;
#1690 = EDGE_CURVE ( 'NONE', #291, #1473, #2387, .T. ) ;
#1691 = ORIENTED_EDGE ( 'NONE', *, *, #2876, .T. ) ;
#1692 = ORIENTED_EDGE ( 'NONE', *, *, #733, .T. ) ;
#1693 = EDGE_CURVE ( 'NONE', #911, #1301, #2367, .T. ) ;
#1694 = ORIENTED_EDGE ( 'NONE', *, *, #1884, .F. ) ;
#1695 = CARTESIAN_POINT ( 'NONE',  ( 69.60000000000009379, 30.00000000000000355, -43.50000000000001421 ) ) ;
#1696 = VECTOR ( 'NONE', #907, 1000.000000000000000 ) ;
#1697 = CARTESIAN_POINT ( 'NONE',  ( 0.000000000000000000, 5.000000000000000000, 0.000000000000000000 ) ) ;
#1698 = VERTEX_POINT ( 'NONE', #1562 ) ;
#1699 = CARTESIAN_POINT ( 'NONE',  ( 0.000000000000000000, 30.00000000000000355, 0.000000000000000000 ) ) ;
#1700 = CARTESIAN_POINT ( 'NONE',  ( 69.60000000000019327, 30.00000000000000355, -34.50000000000002132 ) ) ;
#1701 = AXIS2_PLACEMENT_3D ( 'NONE', #3032, #1845, #1267 ) ;
#1702 = AXIS2_PLACEMENT_3D ( 'NONE', #2043, #1734, #16 ) ;
#1703 = DIRECTION ( 'NONE',  ( -0.000000000000000000, -1.000000000000000000, -0.000000000000000000 ) ) ;
#1704 = LINE ( 'NONE', #1988, #3254 ) ;
#1705 = DIRECTION ( 'NONE',  ( 0.000000000000000000, 0.000000000000000000, -1.000000000000000000 ) ) ;
#1706 = DIRECTION ( 'NONE',  ( 1.000000000000000000, 0.000000000000000000, 0.000000000000000000 ) ) ;
#1707 = CIRCLE ( 'NONE', #3492, 0.7999999999999986011 ) ;
#1708 = DIRECTION ( 'NONE',  ( 0.000000000000000000, 0.000000000000000000, -1.000000000000000000 ) ) ;
#1709 = VERTEX_POINT ( 'NONE', #1280 ) ;
#1710 = ADVANCED_FACE ( 'NONE', ( #2938 ), #3496, .F. ) ;
#1711 = ORIENTED_EDGE ( 'NONE', *, *, #3021, .T. ) ;
#1712 = VERTEX_POINT ( 'NONE', #379 ) ;
#1713 = LINE ( 'NONE', #2835, #1320 ) ;
#1714 = ORIENTED_EDGE ( 'NONE', *, *, #1443, .T. ) ;
#1715 = ADVANCED_FACE ( 'NONE', ( #713 ), #3517, .F. ) ;
#1716 = DIRECTION ( 'NONE',  ( 1.000000000000000000, 0.000000000000000000, 0.000000000000000000 ) ) ;
#1717 = AXIS2_PLACEMENT_3D ( 'NONE', #2753, #1592, #2229 ) ;
#1718 = VERTEX_POINT ( 'NONE', #2807 ) ;
#1719 = CARTESIAN_POINT ( 'NONE',  ( 1.249585401188642384E-13, 5.000000000000000000, -41.50000000000001421 ) ) ;
#1720 = LINE ( 'NONE', #336, #3633 ) ;
#1721 = VECTOR ( 'NONE', #941, 1000.000000000000000 ) ;
#1722 = CARTESIAN_POINT ( 'NONE',  ( 5.311989299072093857E-13, 30.00000000000000355, -1.500000000000070610 ) ) ;
#1723 = CARTESIAN_POINT ( 'NONE',  ( 13.20000000000046825, 4.000000000000000000, -13.09999999999999964 ) ) ;
#1724 = VECTOR ( 'NONE', #2879, 1000.000000000000000 ) ;
#1725 = DIRECTION ( 'NONE',  ( 1.000000000000000000, 0.000000000000000000, 0.000000000000000000 ) ) ;
#1726 = CARTESIAN_POINT ( 'NONE',  ( 69.60000000000002274, 30.00000000000000355, -50.50000000000000000 ) ) ;
#1727 = CARTESIAN_POINT ( 'NONE',  ( 11.09499999999531994, -0.5000000000000000000, -11.00000000000000000 ) ) ;
#1728 = ORIENTED_EDGE ( 'NONE', *, *, #365, .T. ) ;
#1729 = CARTESIAN_POINT ( 'NONE',  ( 3.437611197289129523E-13, 30.00000000000000355, -19.50000000000004619 ) ) ;
#1730 = ORIENTED_EDGE ( 'NONE', *, *, #2083, .T. ) ;
#1731 = DIRECTION ( 'NONE',  ( 0.000000000000000000, 0.000000000000000000, -1.000000000000000000 ) ) ;
#1732 = EDGE_CURVE ( 'NONE', #3024, #1088, #1104, .T. ) ;
#1733 = VERTEX_POINT ( 'NONE', #212 ) ;
#1734 = DIRECTION ( 'NONE',  ( -0.000000000000000000, -1.000000000000000000, -0.000000000000000000 ) ) ;
#1735 = ORIENTED_EDGE ( 'NONE', *, *, #841, .F. ) ;
#1736 = LINE ( 'NONE', #2878, #177 ) ;
#1737 = CARTESIAN_POINT ( 'NONE',  ( 0.000000000000000000, 5.000000000000000000, 0.000000000000000000 ) ) ;
#1738 = EDGE_CURVE ( 'NONE', #1639, #2344, #1035, .T. ) ;
#1739 = DIRECTION ( 'NONE',  ( -0.000000000000000000, 1.000000000000000000, -0.000000000000000000 ) ) ;
#1740 = DIRECTION ( 'NONE',  ( -0.000000000000000000, -0.000000000000000000, -1.000000000000000000 ) ) ;
#1741 = CARTESIAN_POINT ( 'NONE',  ( 17.29500000000000881, -3.000000000000000000, -43.89999999999999147 ) ) ;
#1742 = DIRECTION ( 'NONE',  ( 1.000000000000000000, 0.000000000000000000, 0.000000000000000000 ) ) ;
#1743 = EDGE_CURVE ( 'NONE', #271, #3604, #2180, .T. ) ;
#1744 = LINE ( 'NONE', #67, #3263 ) ;
#1745 = CARTESIAN_POINT ( 'NONE',  ( 0.000000000000000000, 30.00000000000000355, 0.000000000000000000 ) ) ;
#1746 = DIRECTION ( 'NONE',  ( 1.000000000000000000, 0.000000000000000000, 4.130293990420967418E-16 ) ) ;
#1747 = ORIENTED_EDGE ( 'NONE', *, *, #2855, .T. ) ;
#1748 = DIRECTION ( 'NONE',  ( 0.000000000000000000, -1.000000000000000000, 0.000000000000000000 ) ) ;
#1749 = EDGE_LOOP ( 'NONE', ( #649, #3214, #1907, #252 ) ) ;
#1750 = CARTESIAN_POINT ( 'NONE',  ( 54.30000000000001137, -0.5000000000000000000, -44.00000000000000000 ) ) ;
#1751 = ORIENTED_EDGE ( 'NONE', *, *, #3568, .F. ) ;
#1752 = VERTEX_POINT ( 'NONE', #1357 ) ;
#1753 = DIRECTION ( 'NONE',  ( -1.000000000000000000, 0.000000000000000000, -0.000000000000000000 ) ) ;
#1754 = ORIENTED_EDGE ( 'NONE', *, *, #2880, .F. ) ;
#1755 = DIRECTION ( 'NONE',  ( 0.000000000000000000, 0.000000000000000000, 1.000000000000000000 ) ) ;
#1756 = FACE_OUTER_BOUND ( 'NONE', #1332, .T. ) ;
#1757 = EDGE_CURVE ( 'NONE', #3451, #3507, #3080, .T. ) ;
#1758 = DIRECTION ( 'NONE',  ( -0.000000000000000000, -1.000000000000000000, -0.000000000000000000 ) ) ;
#1759 = VECTOR ( 'NONE', #600, 1000.000000000000000 ) ;
#1760 = DIRECTION ( 'NONE',  ( 1.000000000000000000, 0.000000000000000000, 0.000000000000000000 ) ) ;
#1761 = DIRECTION ( 'NONE',  ( 1.000000000000000000, 0.000000000000000000, -0.000000000000000000 ) ) ;
#1762 = DIRECTION ( 'NONE',  ( 1.000000000000000000, 0.000000000000000000, 0.000000000000000000 ) ) ;
#1763 = CONICAL_SURFACE ( 'NONE', #745, 0.8000000000000020428, 1.029744258676654978 ) ;
#1764 = EDGE_CURVE ( 'NONE', #2240, #2017, #1707, .T. ) ;
#1765 = PLANE ( 'NONE',  #511 ) ;
#1766 = DIRECTION ( 'NONE',  ( -0.000000000000000000, -1.000000000000000000, -0.000000000000000000 ) ) ;
#1767 = DIRECTION ( 'NONE',  ( 0.000000000000000000, -1.000000000000000000, 0.000000000000000000 ) ) ;
#1768 = VECTOR ( 'NONE', #1336, 1000.000000000000000 ) ;
#1769 = ORIENTED_EDGE ( 'NONE', *, *, #3635, .F. ) ;
#1770 = AXIS2_PLACEMENT_3D ( 'NONE', #2067, #3436, #1761 ) ;
#1771 = LINE ( 'NONE', #1495, #801 ) ;
#1772 = ORIENTED_EDGE ( 'NONE', *, *, #1195, .F. ) ;
#1773 = DIRECTION ( 'NONE',  ( -0.000000000000000000, -1.000000000000000000, -0.000000000000000000 ) ) ;
#1774 = EDGE_LOOP ( 'NONE', ( #3002, #3039, #3581, #2596 ) ) ;
#1775 = EDGE_LOOP ( 'NONE', ( #35, #3543, #3270, #1356 ) ) ;
#1776 = ORIENTED_EDGE ( 'NONE', *, *, #205, .T. ) ;
#1777 = CARTESIAN_POINT ( 'NONE',  ( 58.50000000000000000, 0.000000000000000000, -44.00000000000000000 ) ) ;
#1778 = CARTESIAN_POINT ( 'NONE',  ( 0.000000000000000000, 0.000000000000000000, 0.000000000000000000 ) ) ;
#1779 = AXIS2_PLACEMENT_3D ( 'NONE', #870, #3426, #1731 ) ;
#1780 = VECTOR ( 'NONE', #118, 1000.000000000000000 ) ;
#1781 = SURFACE_STYLE_USAGE ( .BOTH. , #2605 ) ;
#1782 = VERTEX_POINT ( 'NONE', #1089 ) ;
#1783 = CARTESIAN_POINT ( 'NONE',  ( 69.60000000000046327, 30.00000000000000355, -7.500000000000062172 ) ) ;
#1784 = DIRECTION ( 'NONE',  ( 1.000000000000000000, 0.000000000000000000, 0.000000000000000000 ) ) ;
#1785 = AXIS2_PLACEMENT_3D ( 'NONE', #249, #2483, #3101 ) ;
#1786 = EDGE_CURVE ( 'NONE', #3469, #1821, #1324, .T. ) ;
#1787 = CARTESIAN_POINT ( 'NONE',  ( 0.000000000000000000, 0.000000000000000000, -55.00000000000000000 ) ) ;
#1788 = CARTESIAN_POINT ( 'NONE',  ( 15.29499999999532101, -0.5000000000000000000, -11.00000000000000000 ) ) ;
#1789 = VECTOR ( 'NONE', #2251, 1000.000000000000000 ) ;
#1790 = DIRECTION ( 'NONE',  ( -0.000000000000000000, -0.000000000000000000, -1.000000000000000000 ) ) ;
#1791 = EDGE_CURVE ( 'NONE', #1474, #2399, #181, .T. ) ;
#1792 = EDGE_CURVE ( 'NONE', #3564, #378, #2219, .T. ) ;
#1793 = VECTOR ( 'NONE', #2474, 1000.000000000000000 ) ;
#1794 = DIRECTION ( 'NONE',  ( 1.000000000000000000, 0.000000000000000000, 0.000000000000000000 ) ) ;
#1795 = VERTEX_POINT ( 'NONE', #3029 ) ;
#1796 = EDGE_CURVE ( 'NONE', #1588, #1329, #3626, .T. ) ;
#1797 = ORIENTED_EDGE ( 'NONE', *, *, #1648, .F. ) ;
#1798 = ORIENTED_EDGE ( 'NONE', *, *, #205, .F. ) ;
#1799 = ORIENTED_EDGE ( 'NONE', *, *, #1471, .F. ) ;
#1800 = CARTESIAN_POINT ( 'NONE',  ( 69.60000000000052012, 5.000000000000000000, -2.500000000000071498 ) ) ;
#1801 = DIRECTION ( 'NONE',  ( 0.000000000000000000, 0.000000000000000000, -1.000000000000000000 ) ) ;
#1802 = DIRECTION ( 'NONE',  ( -0.000000000000000000, -1.000000000000000000, -0.000000000000000000 ) ) ;
#1803 = ORIENTED_EDGE ( 'NONE', *, *, #3497, .F. ) ;
#1804 = CARTESIAN_POINT ( 'NONE',  ( 11.09500000000000419, -0.5000000000000000000, -39.79999999999999716 ) ) ;
#1805 = FACE_OUTER_BOUND ( 'NONE', #1817, .T. ) ;
#1806 = DIRECTION ( 'NONE',  ( 1.251344020363363486E-16, 0.000000000000000000, 1.000000000000000000 ) ) ;
#1807 = LINE ( 'NONE', #2590, #3188 ) ;
#1808 = EDGE_CURVE ( 'NONE', #1497, #361, #3348, .T. ) ;
#1809 = FACE_OUTER_BOUND ( 'NONE', #610, .T. ) ;
#1810 = ADVANCED_FACE ( 'NONE', ( #1618 ), #783, .F. ) ;
#1811 = LINE ( 'NONE', #3145, #2597 ) ;
#1812 = ORIENTED_EDGE ( 'NONE', *, *, #1860, .T. ) ;
#1813 = CARTESIAN_POINT ( 'NONE',  ( 0.000000000000000000, 0.000000000000000000, 0.000000000000000000 ) ) ;
#1814 = EDGE_LOOP ( 'NONE', ( #2888, #2455, #1292, #2398 ) ) ;
#1815 = EDGE_CURVE ( 'NONE', #591, #239, #3590, .T. ) ;
#1816 = ORIENTED_EDGE ( 'NONE', *, *, #439, .T. ) ;
#1817 = EDGE_LOOP ( 'NONE', ( #2873, #636, #995, #569 ) ) ;
#1818 = CARTESIAN_POINT ( 'NONE',  ( 2.499170802377284769E-13, 30.00000000000000355, -29.50000000000003197 ) ) ;
#1819 = CARTESIAN_POINT ( 'NONE',  ( 69.60000000000032117, 30.00000000000000355, -22.50000000000003908 ) ) ;
#1820 = DIRECTION ( 'NONE',  ( 0.000000000000000000, 0.000000000000000000, 1.000000000000000000 ) ) ;
#1821 = VERTEX_POINT ( 'NONE', #502 ) ;
#1822 = CARTESIAN_POINT ( 'NONE',  ( 54.30000000000001137, -0.5000000000000000000, 0.000000000000000000 ) ) ;
#1823 = CARTESIAN_POINT ( 'NONE',  ( 69.60000000000015064, 30.00000000000000355, -38.50000000000002132 ) ) ;
#1824 = VECTOR ( 'NONE', #3264, 1000.000000000000000 ) ;
#1825 = CARTESIAN_POINT ( 'NONE',  ( 0.000000000000000000, 5.000000000000000000, 0.000000000000000000 ) ) ;
#1826 = DIRECTION ( 'NONE',  ( 0.000000000000000000, 0.000000000000000000, -1.000000000000000000 ) ) ;
#1827 = VECTOR ( 'NONE', #2703, 1000.000000000000000 ) ;
#1828 = AXIS2_PLACEMENT_3D ( 'NONE', #781, #3060, #815 ) ;
#1829 = LINE ( 'NONE', #2690, #1824 ) ;
#1830 = ORIENTED_EDGE ( 'NONE', *, *, #3178, .F. ) ;
#1831 = LINE ( 'NONE', #3541, #176 ) ;
#1832 = EDGE_CURVE ( 'NONE', #1367, #2208, #2462, .T. ) ;
#1833 = ORIENTED_EDGE ( 'NONE', *, *, #3242, .T. ) ;
#1834 = VECTOR ( 'NONE', #342, 1000.000000000000000 ) ;
#1835 = VERTEX_POINT ( 'NONE', #1651 ) ;
#1836 = ORIENTED_EDGE ( 'NONE', *, *, #1792, .T. ) ;
#1837 = CARTESIAN_POINT ( 'NONE',  ( 3.437611197289129523E-13, 30.00000000000000355, -19.50000000000004619 ) ) ;
#1838 = CARTESIAN_POINT ( 'NONE',  ( 2.186774452080124046E-13, 30.00000000000000355, -32.50000000000002842 ) ) ;
#1839 = ADVANCED_FACE ( 'NONE', ( #3378 ), #3430, .F. ) ;
#1840 = DIRECTION ( 'NONE',  ( -0.000000000000000000, -1.000000000000000000, -0.000000000000000000 ) ) ;
#1841 = EDGE_LOOP ( 'NONE', ( #1337, #811, #2514, #2763 ) ) ;
#1842 = FACE_OUTER_BOUND ( 'NONE', #11, .T. ) ;
#1843 = LINE ( 'NONE', #1524, #2264 ) ;
#1844 = VECTOR ( 'NONE', #1168, 1000.000000000000000 ) ;
#1845 = DIRECTION ( 'NONE',  ( 0.000000000000000000, -1.000000000000000000, 0.000000000000000000 ) ) ;
#1846 = VECTOR ( 'NONE', #1990, 1000.000000000000000 ) ;
#1847 = DIRECTION ( 'NONE',  ( -0.000000000000000000, -1.000000000000000000, -0.000000000000000000 ) ) ;
#1848 = AXIS2_PLACEMENT_3D ( 'NONE', #2990, #2141, #2082 ) ;
#1849 = LINE ( 'NONE', #3321, #1043 ) ;
#1850 = VERTEX_POINT ( 'NONE', #767 ) ;
#1851 = VECTOR ( 'NONE', #2818, 1000.000000000000000 ) ;
#1852 = DIRECTION ( 'NONE',  ( 0.000000000000000000, 0.000000000000000000, -1.000000000000000000 ) ) ;
#1853 = ORIENTED_EDGE ( 'NONE', *, *, #463, .F. ) ;
#1854 = EDGE_LOOP ( 'NONE', ( #2964, #897, #3278, #1856 ) ) ;
#1855 = PRODUCT_RELATED_PRODUCT_CATEGORY ( 'part', '', ( #1675 ) ) ;
#1856 = ORIENTED_EDGE ( 'NONE', *, *, #2832, .T. ) ;
#1857 = DIRECTION ( 'NONE',  ( 1.000000000000000000, 0.000000000000000000, 0.000000000000000000 ) ) ;
#1858 = PLANE ( 'NONE',  #3574 ) ;
#1859 = CARTESIAN_POINT ( 'NONE',  ( 0.000000000000000000, -0.5000000000000000000, -39.79999999999999716 ) ) ;
#1860 = EDGE_CURVE ( 'NONE', #2318, #1980, #1919, .T. ) ;
#1861 = EDGE_LOOP ( 'NONE', ( #1943, #148, #982, #2709 ) ) ;
#1862 = CARTESIAN_POINT ( 'NONE',  ( 0.000000000000000000, 5.000000000000000000, -1.500000000000070610 ) ) ;
#1863 = CARTESIAN_POINT ( 'NONE',  ( 17.29500000000000881, -2.999999999999975131, -43.89999999999999147 ) ) ;
#1864 = FACE_OUTER_BOUND ( 'NONE', #1045, .T. ) ;
#1865 = LINE ( 'NONE', #1580, #3069 ) ;
#1866 = EDGE_CURVE ( 'NONE', #1301, #3089, #3643, .T. ) ;
#1867 = DIRECTION ( 'NONE',  ( 0.000000000000000000, 0.000000000000000000, -1.000000000000000000 ) ) ;
#1868 = DIRECTION ( 'NONE',  ( 0.000000000000000000, 0.000000000000000000, -1.000000000000000000 ) ) ;
#1869 = ORIENTED_EDGE ( 'NONE', *, *, #2573, .T. ) ;
#1870 = APPLICATION_PROTOCOL_DEFINITION ( 'draft international standard', 'automotive_design', 1998, #3192 ) ;
#1871 = ORIENTED_EDGE ( 'NONE', *, *, #3299, .F. ) ;
#1872 = ORIENTED_EDGE ( 'NONE', *, *, #3360, .F. ) ;
#1873 = ORIENTED_EDGE ( 'NONE', *, *, #2568, .T. ) ;
#1874 = LINE ( 'NONE', #2803, #2085 ) ;
#1875 = PLANE ( 'NONE',  #2328 ) ;
#1876 = CARTESIAN_POINT ( 'NONE',  ( 4.061152553863087623E-13, 30.00000000000000355, -14.50000000000005507 ) ) ;
#1877 = FACE_OUTER_BOUND ( 'NONE', #3055, .T. ) ;
#1878 = ORIENTED_EDGE ( 'NONE', *, *, #1540, .T. ) ;
#1879 = DIRECTION ( 'NONE',  ( -0.000000000000000000, -1.000000000000000000, -0.000000000000000000 ) ) ;
#1880 = PLANE ( 'NONE',  #3147 ) ;
#1881 = EDGE_CURVE ( 'NONE', #2496, #3668, #231, .T. ) ;
#1882 = CARTESIAN_POINT ( 'NONE',  ( 13.19999999999999929, 4.000000000000000000, -42.70000000000000284 ) ) ;
#1883 = CARTESIAN_POINT ( 'NONE',  ( 69.60000000000049170, 30.00000000000000355, -4.500000000000066613 ) ) ;
#1884 = EDGE_CURVE ( 'NONE', #3657, #652, #2515, .T. ) ;
#1885 = VECTOR ( 'NONE', #3463, 1000.000000000000000 ) ;
#1886 = CARTESIAN_POINT ( 'NONE',  ( 1.250836745209005729E-13, 30.00000000000000355, -40.50000000000001421 ) ) ;
#1887 = ORIENTED_EDGE ( 'NONE', *, *, #1866, .T. ) ;
#1888 = VECTOR ( 'NONE', #398, 1000.000000000000000 ) ;
#1889 = ORIENTED_EDGE ( 'NONE', *, *, #251, .T. ) ;
#1890 = AXIS2_PLACEMENT_3D ( 'NONE', #1697, #3641, #1071 ) ;
#1891 = ORIENTED_EDGE ( 'NONE', *, *, #776, .T. ) ;
#1892 = ORIENTED_EDGE ( 'NONE', *, *, #1038, .F. ) ;
#1893 = CARTESIAN_POINT ( 'NONE',  ( 69.60000000000027853, 30.00000000000000355, -26.50000000000003908 ) ) ;
#1894 = FACE_OUTER_BOUND ( 'NONE', #2681, .T. ) ;
#1895 = VECTOR ( 'NONE', #489, 1000.000000000000000 ) ;
#1896 = DIRECTION ( 'NONE',  ( 1.000000000000000000, 0.000000000000000000, -0.000000000000000000 ) ) ;
#1897 = ORIENTED_EDGE ( 'NONE', *, *, #3178, .T. ) ;
#1898 = DIRECTION ( 'NONE',  ( 0.000000000000000000, 0.000000000000000000, -1.000000000000000000 ) ) ;
#1899 = CARTESIAN_POINT ( 'NONE',  ( 69.60000000000002274, 5.000000000000000000, -50.50000000000000000 ) ) ;
#1900 = DIRECTION ( 'NONE',  ( 0.000000000000000000, 0.000000000000000000, -1.000000000000000000 ) ) ;
#1901 = PLANE ( 'NONE',  #1701 ) ;
#1902 = CARTESIAN_POINT ( 'NONE',  ( 2.500422146397648114E-13, 30.00000000000000355, -28.50000000000003197 ) ) ;
#1903 = EDGE_CURVE ( 'NONE', #2296, #2227, #1142, .T. ) ;
#1904 = AXIS2_PLACEMENT_3D ( 'NONE', #1122, #3112, #552 ) ;
#1905 = CARTESIAN_POINT ( 'NONE',  ( 0.000000000000000000, -0.5000000000000000000, -44.00000000000000000 ) ) ;
#1906 = EDGE_CURVE ( 'NONE', #1389, #1063, #1683, .T. ) ;
#1907 = ORIENTED_EDGE ( 'NONE', *, *, #2567, .F. ) ;
#1908 = EDGE_CURVE ( 'NONE', #871, #1499, #2860, .T. ) ;
#1909 = VECTOR ( 'NONE', #924, 1000.000000000000000 ) ;
#1910 = ORIENTED_EDGE ( 'NONE', *, *, #1465, .F. ) ;
#1911 = ORIENTED_EDGE ( 'NONE', *, *, #2113, .F. ) ;
#1912 = VECTOR ( 'NONE', #2861, 1000.000000000000000 ) ;
#1913 = ADVANCED_FACE ( 'NONE', ( #313 ), #834, .F. ) ;
#1914 = EDGE_LOOP ( 'NONE', ( #1995, #2228, #2340, #3340 ) ) ;
#1915 = CARTESIAN_POINT ( 'NONE',  ( 0.000000000000000000, 30.00000000000000355, 0.000000000000000000 ) ) ;
#1916 = PLANE ( 'NONE',  #2270 ) ;
#1917 = CARTESIAN_POINT ( 'NONE',  ( 4.998341604754569538E-13, 30.00000000000000355, -5.500000000000067502 ) ) ;
#1918 = ORIENTED_EDGE ( 'NONE', *, *, #910, .T. ) ;
#1919 = LINE ( 'NONE', #3047, #1895 ) ;
#1920 = CARTESIAN_POINT ( 'NONE',  ( 55.94818181818184399, 3.245454545454550921, -7.456818181818160696 ) ) ;
#1921 = DIRECTION ( 'NONE',  ( -1.000000000000000000, 0.000000000000000000, 0.000000000000000000 ) ) ;
#1922 = PLANE ( 'NONE',  #1125 ) ;
#1923 = CARTESIAN_POINT ( 'NONE',  ( 69.60000000000015064, 30.00000000000000355, -38.50000000000002132 ) ) ;
#1924 = EDGE_LOOP ( 'NONE', ( #1157, #2546, #412, #2211 ) ) ;
#1925 = VERTEX_POINT ( 'NONE', #898 ) ;
#1926 = ADVANCED_FACE ( 'NONE', ( #18 ), #3154, .F. ) ;
#1927 = VERTEX_POINT ( 'NONE', #61 ) ;
#1928 = VERTEX_POINT ( 'NONE', #259 ) ;
#1929 = DIRECTION ( 'NONE',  ( -0.000000000000000000, -1.000000000000000000, -0.000000000000000000 ) ) ;
#1930 = CARTESIAN_POINT ( 'NONE',  ( 54.30000000000001137, -0.5000000000000000000, -15.19999999999999929 ) ) ;
#1931 = ADVANCED_FACE ( 'NONE', ( #611 ), #852, .F. ) ;
#1932 = CARTESIAN_POINT ( 'NONE',  ( 69.60000000000002274, 30.00000000000000355, -50.50000000000000000 ) ) ;
#1933 = ORIENTED_EDGE ( 'NONE', *, *, #561, .F. ) ;
#1934 = DIRECTION ( 'NONE',  ( 0.000000000000000000, -1.000000000000000000, 0.000000000000000000 ) ) ;
#1935 = LINE ( 'NONE', #260, #1789 ) ;
#1936 = DIRECTION ( 'NONE',  ( -0.000000000000000000, -1.000000000000000000, -0.000000000000000000 ) ) ;
#1937 = DIRECTION ( 'NONE',  ( -0.000000000000000000, -1.000000000000000000, -0.000000000000000000 ) ) ;
#1938 = DIRECTION ( 'NONE',  ( 0.000000000000000000, 0.000000000000000000, -1.000000000000000000 ) ) ;
#1939 = PRODUCT_CONTEXT ( 'NONE', #562, 'mechanical' ) ;
#1940 = EDGE_LOOP ( 'NONE', ( #2911, #2699, #1437, #2154 ) ) ;
#1941 = AXIS2_PLACEMENT_3D ( 'NONE', #867, #2016, #2651 ) ;
#1942 = ORIENTED_EDGE ( 'NONE', *, *, #1149, .F. ) ;
#1943 = ORIENTED_EDGE ( 'NONE', *, *, #1743, .T. ) ;
#1944 = DIRECTION ( 'NONE',  ( -0.000000000000000000, -1.000000000000000000, -0.000000000000000000 ) ) ;
#1945 = CARTESIAN_POINT ( 'NONE',  ( 58.50000000000000000, -0.5000000000000000000, -11.00000000000000000 ) ) ;
#1946 = ADVANCED_FACE ( 'NONE', ( #2268 ), #335, .T. ) ;
#1947 = ORIENTED_EDGE ( 'NONE', *, *, #2464, .T. ) ;
#1948 = AXIS2_PLACEMENT_3D ( 'NONE', #1145, #3333, #1921 ) ;
#1949 = LINE ( 'NONE', #1876, #165 ) ;
#1950 = CARTESIAN_POINT ( 'NONE',  ( 0.000000000000000000, 5.000000000000000000, -55.00000000000000000 ) ) ;
#1951 = AXIS2_PLACEMENT_3D ( 'NONE', #2000, #36, #1438 ) ;
#1952 = ORIENTED_EDGE ( 'NONE', *, *, #1363, .T. ) ;
#1953 = CARTESIAN_POINT ( 'NONE',  ( 11.09499999999531994, -0.5000000000000000000, -15.19999999999999929 ) ) ;
#1954 = LINE ( 'NONE', #1920, #950 ) ;
#1955 = EDGE_CURVE ( 'NONE', #3024, #931, #1424, .T. ) ;
#1956 = ADVANCED_FACE ( 'NONE', ( #2821 ), #2582, .F. ) ;
#1957 = VECTOR ( 'NONE', #1669, 1000.000000000000000 ) ;
#1958 = CARTESIAN_POINT ( 'NONE',  ( 5.310737955051730007E-13, 30.00000000000000355, -2.500000000000071498 ) ) ;
#1959 = CARTESIAN_POINT ( 'NONE',  ( 2.812818496694808584E-13, 5.000000000000000000, -25.50000000000003553 ) ) ;
#1960 = DIRECTION ( 'NONE',  ( -0.000000000000000000, -1.000000000000000000, -0.000000000000000000 ) ) ;
#1961 = ORIENTED_EDGE ( 'NONE', *, *, #1059, .T. ) ;
#1962 = VECTOR ( 'NONE', #485, 1000.000000000000000 ) ;
#1963 = VECTOR ( 'NONE', #575, 1000.000000000000000 ) ;
#1964 = EDGE_LOOP ( 'NONE', ( #3510, #1080, #2396 ) ) ;
#1965 = ORIENTED_EDGE ( 'NONE', *, *, #1564, .F. ) ;
#1966 = VECTOR ( 'NONE', #2426, 1000.000000000000000 ) ;
#1967 = CARTESIAN_POINT ( 'NONE',  ( 0.000000000000000000, 30.00000000000000355, 0.000000000000000000 ) ) ;
#1968 = CIRCLE ( 'NONE', #3684, 0.8000000000000020428 ) ;
#1969 = EDGE_CURVE ( 'NONE', #2711, #267, #1736, .T. ) ;
#1970 = DIRECTION ( 'NONE',  ( 1.000000000000000000, 0.000000000000000000, 0.000000000000000000 ) ) ;
#1971 = ORIENTED_EDGE ( 'NONE', *, *, #1335, .T. ) ;
#1972 = DIRECTION ( 'NONE',  ( 1.000000000000000000, 0.000000000000000000, 0.000000000000000000 ) ) ;
#1973 = CARTESIAN_POINT ( 'NONE',  ( 69.60000000000036380, 30.00000000000000355, -17.50000000000004974 ) ) ;
#1974 = EDGE_CURVE ( 'NONE', #2087, #2076, #1203, .T. ) ;
#1975 = CARTESIAN_POINT ( 'NONE',  ( 0.000000000000000000, 5.000000000000000000, -14.50000000000005507 ) ) ;
#1976 = LINE ( 'NONE', #2794, #116 ) ;
#1977 = EDGE_CURVE ( 'NONE', #2243, #2123, #39, .T. ) ;
#1978 = LINE ( 'NONE', #3119, #563 ) ;
#1979 = ORIENTED_EDGE ( 'NONE', *, *, #2291, .T. ) ;
#1980 = VERTEX_POINT ( 'NONE', #1158 ) ;
#1981 = ORIENTED_EDGE ( 'NONE', *, *, #29, .T. ) ;
#1982 = DIRECTION ( 'NONE',  ( 1.251344020363392821E-16, 0.000000000000000000, 1.000000000000000000 ) ) ;
#1983 = FACE_OUTER_BOUND ( 'NONE', #189, .T. ) ;
#1984 = VERTEX_POINT ( 'NONE', #2326 ) ;
#1985 = DIRECTION ( 'NONE',  ( -0.000000000000000000, -0.000000000000000000, 1.000000000000000000 ) ) ;
#1986 = CARTESIAN_POINT ( 'NONE',  ( 11.09499999999531994, 0.000000000000000000, -15.19999999999999929 ) ) ;
#1987 = DIRECTION ( 'NONE',  ( -0.000000000000000000, -1.000000000000000000, -0.000000000000000000 ) ) ;
#1988 = CARTESIAN_POINT ( 'NONE',  ( 69.60000000000002274, 30.00000000000000355, -50.50000000000000000 ) ) ;
#1989 = CARTESIAN_POINT ( 'NONE',  ( 1.875629445803326922E-13, 30.00000000000000355, -34.50000000000002132 ) ) ;
#1990 = DIRECTION ( 'NONE',  ( -0.000000000000000000, -0.000000000000000000, 1.000000000000000000 ) ) ;
#1991 = EDGE_CURVE ( 'NONE', #2817, #827, #1479, .T. ) ;
#1992 = LINE ( 'NONE', #2534, #992 ) ;
#1993 = ADVANCED_FACE ( 'NONE', ( #3674 ), #2148, .F. ) ;
#1994 = VERTEX_POINT ( 'NONE', #2565 ) ;
#1995 = ORIENTED_EDGE ( 'NONE', *, *, #2435, .F. ) ;
#1996 = ORIENTED_EDGE ( 'NONE', *, *, #1630, .F. ) ;
#1997 = DIRECTION ( 'NONE',  ( -0.4499770425732599333, -0.7713892158398671928, 0.4499770425732599333 ) ) ;
#1998 = ORIENTED_EDGE ( 'NONE', *, *, #910, .F. ) ;
#1999 = VECTOR ( 'NONE', #1794, 1000.000000000000000 ) ;
#2000 = CARTESIAN_POINT ( 'NONE',  ( 5.311989299072093857E-13, 30.00000000000000355, -1.500000000000070610 ) ) ;
#2001 = ORIENTED_EDGE ( 'NONE', *, *, #1693, .F. ) ;
#2002 = CARTESIAN_POINT ( 'NONE',  ( 69.59999999999999432, 5.000000000000000000, 0.000000000000000000 ) ) ;
#2003 = DIRECTION ( 'NONE',  ( -0.000000000000000000, -1.000000000000000000, -0.000000000000000000 ) ) ;
#2004 = AXIS2_PLACEMENT_3D ( 'NONE', #3611, #3554, #2465 ) ;
#2005 = AXIS2_PLACEMENT_3D ( 'NONE', #1560, #2105, #3237 ) ;
#2006 = DIRECTION ( 'NONE',  ( 0.000000000000000000, 0.000000000000000000, -1.000000000000000000 ) ) ;
#2007 = DIRECTION ( 'NONE',  ( 1.000000000000000000, 0.000000000000000000, 0.000000000000000000 ) ) ;
#2008 = FACE_OUTER_BOUND ( 'NONE', #666, .T. ) ;
#2009 = DIRECTION ( 'NONE',  ( -0.000000000000000000, -1.000000000000000000, -0.000000000000000000 ) ) ;
#2010 = AXIS2_PLACEMENT_3D ( 'NONE', #2587, #2647, #1207 ) ;
#2011 = DIRECTION ( 'NONE',  ( -0.000000000000000000, -1.000000000000000000, -0.000000000000000000 ) ) ;
#2012 = EDGE_CURVE ( 'NONE', #2386, #548, #4, .T. ) ;
#2013 = PLANE ( 'NONE',  #1482 ) ;
#2014 = ORIENTED_EDGE ( 'NONE', *, *, #1636, .T. ) ;
#2015 = EDGE_CURVE ( 'NONE', #1088, #326, #935, .T. ) ;
#2016 = DIRECTION ( 'NONE',  ( 0.000000000000000000, -1.000000000000000000, 0.000000000000000000 ) ) ;
#2017 = VERTEX_POINT ( 'NONE', #79 ) ;
#2018 = DIRECTION ( 'NONE',  ( 0.000000000000000000, 0.000000000000000000, 1.000000000000000000 ) ) ;
#2019 = VECTOR ( 'NONE', #1857, 1000.000000000000000 ) ;
#2020 = ORIENTED_EDGE ( 'NONE', *, *, #1515, .F. ) ;
#2021 = EDGE_CURVE ( 'NONE', #1821, #462, #1518, .T. ) ;
#2022 = CARTESIAN_POINT ( 'NONE',  ( 69.59999999999999432, 5.000000000000000000, -49.50000000000000000 ) ) ;
#2023 = VECTOR ( 'NONE', #2704, 1000.000000000000000 ) ;
#2024 = ORIENTED_EDGE ( 'NONE', *, *, #1648, .T. ) ;
#2025 = CARTESIAN_POINT ( 'NONE',  ( 69.60000000000049170, 30.00000000000000355, -5.500000000000067502 ) ) ;
#2026 = DIRECTION ( 'NONE',  ( -0.000000000000000000, -0.000000000000000000, 1.000000000000000000 ) ) ;
#2027 = VECTOR ( 'NONE', #899, 1000.000000000000000 ) ;
#2028 = LINE ( 'NONE', #1483, #94 ) ;
#2029 = CARTESIAN_POINT ( 'NONE',  ( 0.000000000000000000, 5.000000000000000000, -11.50000000000005862 ) ) ;
#2030 = DIRECTION ( 'NONE',  ( -0.000000000000000000, -1.000000000000000000, -0.000000000000000000 ) ) ;
#2031 = VECTOR ( 'NONE', #1246, 1000.000000000000000 ) ;
#2032 = LINE ( 'NONE', #1506, #3569 ) ;
#2033 = DIRECTION ( 'NONE',  ( -0.000000000000000000, -1.000000000000000000, -0.000000000000000000 ) ) ;
#2034 = LINE ( 'NONE', #3160, #156 ) ;
#2035 = LINE ( 'NONE', #601, #1909 ) ;
#2036 = ORIENTED_EDGE ( 'NONE', *, *, #2680, .F. ) ;
#2037 = LINE ( 'NONE', #889, #3121 ) ;
#2038 = ORIENTED_EDGE ( 'NONE', *, *, #150, .F. ) ;
#2039 = LINE ( 'NONE', #589, #3577 ) ;
#2040 = EDGE_CURVE ( 'NONE', #196, #2453, #97, .T. ) ;
#2041 = EDGE_LOOP ( 'NONE', ( #2949, #3484, #2556, #3528 ) ) ;
#2042 = ORIENTED_EDGE ( 'NONE', *, *, #3125, .F. ) ;
#2043 = CARTESIAN_POINT ( 'NONE',  ( 56.40000000000000568, 4.000000000000000000, -41.89999999999999858 ) ) ;
#2044 = ORIENTED_EDGE ( 'NONE', *, *, #54, .T. ) ;
#2045 = DIRECTION ( 'NONE',  ( 0.000000000000000000, 0.000000000000000000, 1.000000000000000000 ) ) ;
#2046 = LINE ( 'NONE', #2896, #2506 ) ;
#2047 = EDGE_CURVE ( 'NONE', #911, #2766, #2438, .T. ) ;
#2048 = LINE ( 'NONE', #613, #1106 ) ;
#2049 = CARTESIAN_POINT ( 'NONE',  ( 69.60000000000032117, 5.000000000000000000, -23.50000000000004263 ) ) ;
#2050 = LINE ( 'NONE', #3176, #1535 ) ;
#2051 = DIRECTION ( 'NONE',  ( 0.000000000000000000, 0.000000000000000000, -1.000000000000000000 ) ) ;
#2052 = DIRECTION ( 'NONE',  ( 1.000000000000000000, 0.000000000000000000, -0.000000000000000000 ) ) ;
#2053 = DIRECTION ( 'NONE',  ( -0.000000000000000000, -0.000000000000000000, 1.000000000000000000 ) ) ;
#2054 = ORIENTED_EDGE ( 'NONE', *, *, #172, .F. ) ;
#2055 = LINE ( 'NONE', #2075, #1999 ) ;
#2056 = EDGE_LOOP ( 'NONE', ( #12, #3689, #64, #1536 ) ) ;
#2057 = CARTESIAN_POINT ( 'NONE',  ( 4.998341604754569538E-13, 5.000000000000000000, -5.500000000000067502 ) ) ;
#2058 = ORIENTED_EDGE ( 'NONE', *, *, #1545, .F. ) ;
#2059 = ORIENTED_EDGE ( 'NONE', *, *, #126, .T. ) ;
#2060 = ADVANCED_FACE ( 'NONE', ( #653 ), #1068, .F. ) ;
#2061 = EDGE_LOOP ( 'NONE', ( #3412, #168, #2078, #1979 ) ) ;
#2062 = DIRECTION ( 'NONE',  ( -0.000000000000000000, -1.000000000000000000, -0.000000000000000000 ) ) ;
#2063 = DIRECTION ( 'NONE',  ( 1.000000000000000000, 0.000000000000000000, 0.000000000000000000 ) ) ;
#2064 = EDGE_CURVE ( 'NONE', #1025, #1497, #972, .T. ) ;
#2065 = VECTOR ( 'NONE', #1126, 1000.000000000000000 ) ;
#2066 = EDGE_LOOP ( 'NONE', ( #2378, #115, #1453, #1812 ) ) ;
#2067 = CARTESIAN_POINT ( 'NONE',  ( 4.061152553863087623E-13, 30.00000000000000355, -14.50000000000005507 ) ) ;
#2068 = EDGE_CURVE ( 'NONE', #2076, #3061, #2160, .T. ) ;
#2069 = LINE ( 'NONE', #3158, #3087 ) ;
#2070 = VECTOR ( 'NONE', #2838, 1000.000000000000000 ) ;
#2071 = DIRECTION ( 'NONE',  ( 0.000000000000000000, -1.000000000000000000, 0.000000000000000000 ) ) ;
#2072 = CARTESIAN_POINT ( 'NONE',  ( 58.50000000000000000, -0.5000000000000000000, -39.79999999999999716 ) ) ;
#2073 = LINE ( 'NONE', #643, #1487 ) ;
#2074 = VECTOR ( 'NONE', #3199, 1000.000000000000000 ) ;
#2075 = CARTESIAN_POINT ( 'NONE',  ( 2.188025796100487644E-13, 5.000000000000000000, -31.50000000000002842 ) ) ;
#2076 = VERTEX_POINT ( 'NONE', #707 ) ;
#2077 = DIRECTION ( 'NONE',  ( 0.000000000000000000, 0.000000000000000000, -1.000000000000000000 ) ) ;
#2078 = ORIENTED_EDGE ( 'NONE', *, *, #2573, .F. ) ;
#2079 = ORIENTED_EDGE ( 'NONE', *, *, #572, .F. ) ;
#2080 = ORIENTED_EDGE ( 'NONE', *, *, #2848, .F. ) ;
#2081 = DIRECTION ( 'NONE',  ( -1.000000000000000000, -0.000000000000000000, -0.000000000000000000 ) ) ;
#2082 = DIRECTION ( 'NONE',  ( 0.000000000000000000, 0.000000000000000000, -1.000000000000000000 ) ) ;
#2083 = EDGE_CURVE ( 'NONE', #1367, #833, #3545, .T. ) ;
#2084 = VECTOR ( 'NONE', #1997, 1000.000000000000114 ) ;
#2085 = VECTOR ( 'NONE', #2511, 1000.000000000000000 ) ;
#2086 = LINE ( 'NONE', #2899, #2190 ) ;
#2087 = VERTEX_POINT ( 'NONE', #375 ) ;
#2088 = DIRECTION ( 'NONE',  ( 0.000000000000000000, -0.000000000000000000, -1.000000000000000000 ) ) ;
#2089 = CARTESIAN_POINT ( 'NONE',  ( 4.687196598477772918E-13, 30.00000000000000355, -7.500000000000062172 ) ) ;
#2090 = VECTOR ( 'NONE', #1251, 1000.000000000000000 ) ;
#2091 = ADVANCED_FACE ( 'NONE', ( #669 ), #2918, .T. ) ;
#2092 = CARTESIAN_POINT ( 'NONE',  ( 1.875629445803326922E-13, 30.00000000000000355, -34.50000000000002132 ) ) ;
#2093 = CARTESIAN_POINT ( 'NONE',  ( 13.19999999999999929, -0.5000000000000014433, -41.89999999999999858 ) ) ;
#2094 = VECTOR ( 'NONE', #1339, 1000.000000000000000 ) ;
#2095 = DIRECTION ( 'NONE',  ( 1.000000000000000000, 0.000000000000000000, 0.000000000000000000 ) ) ;
#2096 = EDGE_CURVE ( 'NONE', #2358, #2931, #3252, .T. ) ;
#2097 = DIRECTION ( 'NONE',  ( 0.000000000000000000, -1.000000000000000000, 0.000000000000000000 ) ) ;
#2098 = ORIENTED_EDGE ( 'NONE', *, *, #2972, .F. ) ;
#2099 = CARTESIAN_POINT ( 'NONE',  ( 0.000000000000000000, 5.000000000000000000, 0.000000000000000000 ) ) ;
#2100 = VERTEX_POINT ( 'NONE', #1800 ) ;
#2101 = ORIENTED_EDGE ( 'NONE', *, *, #3059, .F. ) ;
#2102 = ORIENTED_EDGE ( 'NONE', *, *, #1786, .F. ) ;
#2103 = LINE ( 'NONE', #1837, #1660 ) ;
#2104 = CARTESIAN_POINT ( 'NONE',  ( 0.000000000000000000, 5.000000000000000000, 0.000000000000000000 ) ) ;
#2105 = DIRECTION ( 'NONE',  ( 0.000000000000000000, 1.000000000000000000, 0.000000000000000000 ) ) ;
#2106 = ORIENTED_EDGE ( 'NONE', *, *, #3610, .T. ) ;
#2107 = CARTESIAN_POINT ( 'NONE',  ( 3.123963502971605709E-13, 30.00000000000000355, -23.50000000000004263 ) ) ;
#2108 = DIRECTION ( 'NONE',  ( 0.000000000000000000, 0.000000000000000000, -1.000000000000000000 ) ) ;
#2109 = DIRECTION ( 'NONE',  ( 0.000000000000000000, 0.000000000000000000, -1.000000000000000000 ) ) ;
#2110 = CARTESIAN_POINT ( 'NONE',  ( 2.188025796100487644E-13, 30.00000000000000355, -31.50000000000002842 ) ) ;
#2111 = EDGE_CURVE ( 'NONE', #2191, #1709, #2103, .T. ) ;
#2112 = DIRECTION ( 'NONE',  ( 0.000000000000000000, -0.000000000000000000, 1.000000000000000000 ) ) ;
#2113 = EDGE_CURVE ( 'NONE', #3248, #1310, #2712, .T. ) ;
#2114 = ORIENTED_EDGE ( 'NONE', *, *, #2519, .T. ) ;
#2115 = CARTESIAN_POINT ( 'NONE',  ( 69.59999999999999432, 5.000000000000000000, 0.000000000000000000 ) ) ;
#2116 = EDGE_LOOP ( 'NONE', ( #73, #846, #2782, #3288 ) ) ;
#2117 = ORIENTED_EDGE ( 'NONE', *, *, #2837, .F. ) ;
#2118 = ORIENTED_EDGE ( 'NONE', *, *, #481, .T. ) ;
#2119 = DIRECTION ( 'NONE',  ( 1.251344020363363486E-16, 0.000000000000000000, 1.000000000000000000 ) ) ;
#2120 = CARTESIAN_POINT ( 'NONE',  ( 3.125214846991969054E-13, 5.000000000000000000, -22.50000000000003908 ) ) ;
#2121 = CARTESIAN_POINT ( 'NONE',  ( 69.59999999999999432, 30.00000000000000355, -52.50000000000000000 ) ) ;
#2122 = PLANE ( 'NONE',  #2192 ) ;
#2123 = VERTEX_POINT ( 'NONE', #393 ) ;
#2124 = DIRECTION ( 'NONE',  ( 0.000000000000000000, -1.000000000000000000, 0.000000000000000000 ) ) ;
#2125 = CARTESIAN_POINT ( 'NONE',  ( 69.59999999999999432, 5.000000000000000000, -22.50000000000003908 ) ) ;
#2126 = VECTOR ( 'NONE', #578, 1000.000000000000000 ) ;
#2127 = CARTESIAN_POINT ( 'NONE',  ( 0.000000000000000000, 5.000000000000000000, 0.000000000000000000 ) ) ;
#2128 = DIRECTION ( 'NONE',  ( -0.000000000000000000, -1.000000000000000000, -0.000000000000000000 ) ) ;
#2129 = VECTOR ( 'NONE', #3473, 1000.000000000000000 ) ;
#2130 = EDGE_CURVE ( 'NONE', #2100, #1513, #990, .T. ) ;
#2131 = VECTOR ( 'NONE', #2391, 1000.000000000000000 ) ;
#2132 = LINE ( 'NONE', #1040, #2953 ) ;
#2133 = ORIENTED_EDGE ( 'NONE', *, *, #3610, .F. ) ;
#2134 = LINE ( 'NONE', #2945, #3091 ) ;
#2135 = ORIENTED_EDGE ( 'NONE', *, *, #2047, .T. ) ;
#2136 = AXIS2_PLACEMENT_3D ( 'NONE', #1822, #2405, #3010 ) ;
#2137 = ADVANCED_FACE ( 'NONE', ( #2643 ), #1296, .T. ) ;
#2138 = VERTEX_POINT ( 'NONE', #1777 ) ;
#2139 = VERTEX_POINT ( 'NONE', #1557 ) ;
#2140 = DIRECTION ( 'NONE',  ( 0.000000000000000000, -0.000000000000000000, 1.000000000000000000 ) ) ;
#2141 = DIRECTION ( 'NONE',  ( 1.000000000000000000, 0.000000000000000000, 0.000000000000000000 ) ) ;
#2142 = EDGE_CURVE ( 'NONE', #3038, #240, #2360, .T. ) ;
#2143 = PLANE ( 'NONE',  #2005 ) ;
#2144 = VERTEX_POINT ( 'NONE', #2418 ) ;
#2145 = DIRECTION ( 'NONE',  ( 0.000000000000000000, 0.000000000000000000, -1.000000000000000000 ) ) ;
#2146 = FACE_OUTER_BOUND ( 'NONE', #3168, .T. ) ;
#2147 = AXIS2_PLACEMENT_3D ( 'NONE', #549, #3448, #3409 ) ;
#2148 = CONICAL_SURFACE ( 'NONE', #1904, 0.8000000000000020428, 1.029744258676652091 ) ;
#2149 = CARTESIAN_POINT ( 'NONE',  ( 13.19999999999999929, -0.5000000000000000000, -41.10000000000000142 ) ) ;
#2150 = VECTOR ( 'NONE', #3300, 1000.000000000000000 ) ;
#2151 = DIRECTION ( 'NONE',  ( -1.000000000000000000, -0.000000000000000000, -0.000000000000000000 ) ) ;
#2152 = VECTOR ( 'NONE', #670, 1000.000000000000000 ) ;
#2153 = CARTESIAN_POINT ( 'NONE',  ( 4.373548904160248093E-13, 30.00000000000000355, -11.50000000000005862 ) ) ;
#2154 = ORIENTED_EDGE ( 'NONE', *, *, #297, .T. ) ;
#2155 = VECTOR ( 'NONE', #2595, 1000.000000000000000 ) ;
#2156 = FACE_OUTER_BOUND ( 'NONE', #3599, .T. ) ;
#2157 = ORIENTED_EDGE ( 'NONE', *, *, #2862, .T. ) ;
#2158 = ORIENTED_EDGE ( 'NONE', *, *, #921, .F. ) ;
#2159 = ORIENTED_EDGE ( 'NONE', *, *, #457, .T. ) ;
#2160 = LINE ( 'NONE', #358, #282 ) ;
#2161 = LINE ( 'NONE', #3292, #3281 ) ;
#2162 = EDGE_CURVE ( 'NONE', #2208, #1928, #2989, .T. ) ;
#2163 = CARTESIAN_POINT ( 'NONE',  ( 69.59999999999999432, 0.000000000000000000, -55.00000000000000000 ) ) ;
#2164 = ORIENTED_EDGE ( 'NONE', *, *, #2040, .T. ) ;
#2165 = DIRECTION ( 'NONE',  ( 1.000000000000000000, 0.000000000000000000, 0.000000000000000000 ) ) ;
#2166 = DIRECTION ( 'NONE',  ( 1.000000000000000000, 0.000000000000000000, 0.000000000000000000 ) ) ;
#2167 = EDGE_CURVE ( 'NONE', #3469, #441, #3565, .T. ) ;
#2168 = CARTESIAN_POINT ( 'NONE',  ( 69.59999999999999432, 5.000000000000000000, -1.500000000000070610 ) ) ;
#2169 = CARTESIAN_POINT ( 'NONE',  ( 9.384403949118451333E-14, 30.00000000000000355, -43.50000000000001421 ) ) ;
#2170 = LINE ( 'NONE', #2395, #505 ) ;
#2171 = ORIENTED_EDGE ( 'NONE', *, *, #99, .F. ) ;
#2172 = VERTEX_POINT ( 'NONE', #1350 ) ;
#2173 = ORIENTED_EDGE ( 'NONE', *, *, #3231, .T. ) ;
#2174 = ORIENTED_EDGE ( 'NONE', *, *, #525, .F. ) ;
#2175 = CARTESIAN_POINT ( 'NONE',  ( 3.437611197289129523E-13, 30.00000000000000355, -19.50000000000004619 ) ) ;
#2176 = DIRECTION ( 'NONE',  ( 0.000000000000000000, 0.000000000000000000, -1.000000000000000000 ) ) ;
#2177 = EDGE_CURVE ( 'NONE', #3162, #3246, #1030, .T. ) ;
#2178 = LINE ( 'NONE', #3277, #2489 ) ;
#2179 = EDGE_LOOP ( 'NONE', ( #2921, #1383, #2359, #2646 ) ) ;
#2180 = LINE ( 'NONE', #3311, #3076 ) ;
#2181 = LINE ( 'NONE', #960, #648 ) ;
#2182 = EDGE_CURVE ( 'NONE', #3597, #3009, #3357, .T. ) ;
#2183 = EDGE_CURVE ( 'NONE', #2674, #871, #3291, .T. ) ;
#2184 = LINE ( 'NONE', #1825, #1827 ) ;
#2185 = LINE ( 'NONE', #129, #469 ) ;
#2186 = AXIS2_PLACEMENT_3D ( 'NONE', #2093, #382, #2109 ) ;
#2187 = EDGE_CURVE ( 'NONE', #1499, #267, #1614, .T. ) ;
#2188 = DIRECTION ( 'NONE',  ( 1.251344020363363486E-16, 0.000000000000000000, 1.000000000000000000 ) ) ;
#2189 = EDGE_LOOP ( 'NONE', ( #926, #700, #2932, #2840 ) ) ;
#2190 = VECTOR ( 'NONE', #1758, 1000.000000000000000 ) ;
#2191 = VERTEX_POINT ( 'NONE', #2175 ) ;
#2192 = AXIS2_PLACEMENT_3D ( 'NONE', #1016, #2440, #671 ) ;
#2193 = ORIENTED_EDGE ( 'NONE', *, *, #1028, .T. ) ;
#2194 = ORIENTED_EDGE ( 'NONE', *, *, #2792, .T. ) ;
#2195 = DIRECTION ( 'NONE',  ( 0.000000000000000000, 0.000000000000000000, 1.000000000000000000 ) ) ;
#2196 = DIRECTION ( 'NONE',  ( -0.000000000000000000, -1.000000000000000000, -0.000000000000000000 ) ) ;
#2197 = VECTOR ( 'NONE', #1073, 1000.000000000000000 ) ;
#2198 = DIRECTION ( 'NONE',  ( -0.000000000000000000, -0.000000000000000000, 1.000000000000000000 ) ) ;
#2199 = VERTEX_POINT ( 'NONE', #3074 ) ;
#2200 = DIRECTION ( 'NONE',  ( 0.000000000000000000, 0.000000000000000000, -1.000000000000000000 ) ) ;
#2201 = CARTESIAN_POINT ( 'NONE',  ( 69.60000000000027853, 30.00000000000000355, -26.50000000000003908 ) ) ;
#2202 = EDGE_CURVE ( 'NONE', #95, #723, #1874, .T. ) ;
#2203 = CARTESIAN_POINT ( 'NONE',  ( 69.59999999999999432, 5.000000000000000000, -55.00000000000000000 ) ) ;
#2204 = DIRECTION ( 'NONE',  ( -0.000000000000000000, 0.000000000000000000, 1.000000000000000000 ) ) ;
#2205 = ADVANCED_FACE ( 'NONE', ( #3621 ), #2676, .F. ) ;
#2206 = AXIS2_PLACEMENT_3D ( 'NONE', #515, #1046, #2195 ) ;
#2207 = CARTESIAN_POINT ( 'NONE',  ( 69.59999999999999432, 5.000000000000000000, -19.50000000000004619 ) ) ;
#2208 = VERTEX_POINT ( 'NONE', #175 ) ;
#2209 = ADVANCED_FACE ( 'NONE', ( #3005 ), #446, .F. ) ;
#2210 = AXIS2_PLACEMENT_3D ( 'NONE', #2289, #2866, #2051 ) ;
#2211 = ORIENTED_EDGE ( 'NONE', *, *, #2755, .T. ) ;
#2212 = VERTEX_POINT ( 'NONE', #3307 ) ;
#2213 = VECTOR ( 'NONE', #3398, 1000.000000000000000 ) ;
#2214 = ORIENTED_EDGE ( 'NONE', *, *, #3632, .F. ) ;
#2215 = FACE_OUTER_BOUND ( 'NONE', #1082, .T. ) ;
#2216 = LINE ( 'NONE', #1387, #1793 ) ;
#2217 = DIRECTION ( 'NONE',  ( 1.000000000000000000, 0.000000000000000000, 0.000000000000000000 ) ) ;
#2218 = VERTEX_POINT ( 'NONE', #1893 ) ;
#2219 = LINE ( 'NONE', #197, #2545 ) ;
#2220 = CARTESIAN_POINT ( 'NONE',  ( 2.499170802377284769E-13, 30.00000000000000355, -29.50000000000003197 ) ) ;
#2221 = FACE_OUTER_BOUND ( 'NONE', #2260, .T. ) ;
#2222 = CYLINDRICAL_SURFACE ( 'NONE', #1664, 0.7999999999999933831 ) ;
#2223 = ADVANCED_FACE ( 'NONE', ( #3025 ), #2492, .F. ) ;
#2224 = ORIENTED_EDGE ( 'NONE', *, *, #2182, .T. ) ;
#2225 = VERTEX_POINT ( 'NONE', #2734 ) ;
#2226 = ADVANCED_FACE ( 'NONE', ( #2473 ), #113, .F. ) ;
#2227 = VERTEX_POINT ( 'NONE', #192 ) ;
#2228 = ORIENTED_EDGE ( 'NONE', *, *, #609, .T. ) ;
#2229 = DIRECTION ( 'NONE',  ( 1.000000000000000000, 0.000000000000000000, -0.000000000000000000 ) ) ;
#2230 = LINE ( 'NONE', #468, #2740 ) ;
#2231 = CARTESIAN_POINT ( 'NONE',  ( 69.60000000000009379, 30.00000000000000355, -44.50000000000001421 ) ) ;
#2232 = VERTEX_POINT ( 'NONE', #1318 ) ;
#2233 = DIRECTION ( 'NONE',  ( 0.000000000000000000, -0.000000000000000000, -1.000000000000000000 ) ) ;
#2234 = PLANE ( 'NONE',  #3217 ) ;
#2235 = CARTESIAN_POINT ( 'NONE',  ( 56.40000000000046754, -0.5000000000000000000, -13.09999999999999964 ) ) ;
#2236 = CARTESIAN_POINT ( 'NONE',  ( 0.000000000000000000, 30.00000000000000355, 0.000000000000000000 ) ) ;
#2237 = DIRECTION ( 'NONE',  ( -0.000000000000000000, -0.000000000000000000, 1.000000000000000000 ) ) ;
#2238 = VECTOR ( 'NONE', #2351, 1000.000000000000000 ) ;
#2239 = ADVANCED_FACE ( 'NONE', ( #1333 ), #3600, .F. ) ;
#2240 = VERTEX_POINT ( 'NONE', #2767 ) ;
#2241 = VECTOR ( 'NONE', #944, 1000.000000000000000 ) ;
#2242 = VERTEX_POINT ( 'NONE', #1386 ) ;
#2243 = VERTEX_POINT ( 'NONE', #3326 ) ;
#2244 = DIRECTION ( 'NONE',  ( 0.000000000000000000, -0.000000000000000000, 1.000000000000000000 ) ) ;
#2245 = ADVANCED_FACE ( 'NONE', ( #497 ), #762, .T. ) ;
#2246 = STYLED_ITEM ( 'NONE', ( #2286 ), #806 ) ;
#2247 = FACE_OUTER_BOUND ( 'NONE', #1274, .T. ) ;
#2248 = VECTOR ( 'NONE', #274, 1000.000000000000000 ) ;
#2249 = ORIENTED_EDGE ( 'NONE', *, *, #3083, .T. ) ;
#2250 = CARTESIAN_POINT ( 'NONE',  ( 12.39745867768591658, 5.395785123966954089, -6.202458677685913635 ) ) ;
#2251 = DIRECTION ( 'NONE',  ( 1.000000000000000000, 0.000000000000000000, 0.000000000000000000 ) ) ;
#2252 = ADVANCED_FACE ( 'NONE', ( #2215 ), #3344, .F. ) ;
#2253 = AXIS2_PLACEMENT_3D ( 'NONE', #3402, #2349, #1485 ) ;
#2254 = CYLINDRICAL_SURFACE ( 'NONE', #684, 0.7999999999999951594 ) ;
#2255 = PLANE ( 'NONE',  #3443 ) ;
#2256 = DIRECTION ( 'NONE',  ( 0.000000000000000000, 1.000000000000000000, 0.000000000000000000 ) ) ;
#2257 = ORIENTED_EDGE ( 'NONE', *, *, #772, .T. ) ;
#2258 = VECTOR ( 'NONE', #2432, 1000.000000000000000 ) ;
#2259 = VECTOR ( 'NONE', #1538, 1000.000000000000000 ) ;
#2260 = EDGE_LOOP ( 'NONE', ( #757, #1042, #418, #451 ) ) ;
#2261 = ORIENTED_EDGE ( 'NONE', *, *, #2880, .T. ) ;
#2262 = VECTOR ( 'NONE', #322, 1000.000000000000000 ) ;
#2263 = CARTESIAN_POINT ( 'NONE',  ( 69.60000000000025011, 30.00000000000000355, -29.50000000000003197 ) ) ;
#2264 = VECTOR ( 'NONE', #714, 1000.000000000000000 ) ;
#2265 = CARTESIAN_POINT ( 'NONE',  ( 58.50000000000000000, 0.000000000000000000, -15.19999999999999929 ) ) ;
#2266 = EDGE_CURVE ( 'NONE', #3233, #3542, #3057, .T. ) ;
#2267 = ORIENTED_EDGE ( 'NONE', *, *, #2830, .F. ) ;
#2268 = FACE_OUTER_BOUND ( 'NONE', #3052, .T. ) ;
#2269 = DIRECTION ( 'NONE',  ( -0.000000000000000000, -1.000000000000000000, -0.000000000000000000 ) ) ;
#2270 = AXIS2_PLACEMENT_3D ( 'NONE', #3058, #3373, #1069 ) ;
#2271 = LINE ( 'NONE', #3350, #264 ) ;
#2272 = EDGE_CURVE ( 'NONE', #2139, #703, #225, .T. ) ;
#2273 = CARTESIAN_POINT ( 'NONE',  ( 4.373548904160248093E-13, 30.00000000000000355, -11.50000000000005862 ) ) ;
#2274 = FACE_OUTER_BOUND ( 'NONE', #253, .T. ) ;
#2275 = LINE ( 'NONE', #2731, #2370 ) ;
#2276 = ORIENTED_EDGE ( 'NONE', *, *, #1866, .F. ) ;
#2277 = ORIENTED_EDGE ( 'NONE', *, *, #1006, .F. ) ;
#2278 = EDGE_LOOP ( 'NONE', ( #3096, #1626, #1561, #131 ) ) ;
#2279 = FACE_OUTER_BOUND ( 'NONE', #3211, .T. ) ;
#2280 = VERTEX_POINT ( 'NONE', #3461 ) ;
#2281 = CARTESIAN_POINT ( 'NONE',  ( 0.000000000000000000, -0.5000000000000000000, -11.00000000000000000 ) ) ;
#2282 = ORIENTED_EDGE ( 'NONE', *, *, #3314, .T. ) ;
#2283 = DIRECTION ( 'NONE',  ( 0.000000000000000000, -1.000000000000000000, 0.000000000000000000 ) ) ;
#2284 = FACE_OUTER_BOUND ( 'NONE', #1330, .T. ) ;
#2285 = EDGE_CURVE ( 'NONE', #2416, #929, #87, .T. ) ;
#2286 = PRESENTATION_STYLE_ASSIGNMENT (( #1781 ) ) ;
#2287 = LINE ( 'NONE', #3435, #3313 ) ;
#2288 = DIRECTION ( 'NONE',  ( -0.000000000000000000, -0.000000000000000000, -1.000000000000000000 ) ) ;
#2289 = CARTESIAN_POINT ( 'NONE',  ( 13.20000000000046825, 4.000000000000000000, -13.09999999999999964 ) ) ;
#2290 = ADVANCED_FACE ( 'NONE', ( #1491 ), #1508, .F. ) ;
#2291 = EDGE_CURVE ( 'NONE', #1984, #3462, #2885, .T. ) ;
#2292 = PLANE ( 'NONE',  #3018 ) ;
#2293 = CARTESIAN_POINT ( 'NONE',  ( 3.436359853268766178E-13, 30.00000000000000355, -20.50000000000004619 ) ) ;
#2294 = ORIENTED_EDGE ( 'NONE', *, *, #1306, .T. ) ;
#2295 = EDGE_CURVE ( 'NONE', #462, #1084, #3205, .T. ) ;
#2296 = VERTEX_POINT ( 'NONE', #2667 ) ;
#2297 = VERTEX_POINT ( 'NONE', #2293 ) ;
#2298 = FACE_OUTER_BOUND ( 'NONE', #571, .T. ) ;
#2299 = ORIENTED_EDGE ( 'NONE', *, *, #2130, .F. ) ;
#2300 = VECTOR ( 'NONE', #737, 1000.000000000000000 ) ;
#2301 = CARTESIAN_POINT ( 'NONE',  ( 69.59999999999999432, 5.000000000000000000, 0.000000000000000000 ) ) ;
#2302 = ORIENTED_EDGE ( 'NONE', *, *, #1269, .F. ) ;
#2303 = DIRECTION ( 'NONE',  ( -1.000000000000000000, -0.000000000000000000, -0.000000000000000000 ) ) ;
#2304 = LINE ( 'NONE', #1986, #474 ) ;
#2305 = AXIS2_PLACEMENT_3D ( 'NONE', #3682, #1133, #808 ) ;
#2306 = DIRECTION ( 'NONE',  ( 1.000000000000000000, 0.000000000000000000, 0.000000000000000000 ) ) ;
#2307 = CARTESIAN_POINT ( 'NONE',  ( 4.374800248180611943E-13, 30.00000000000000355, -10.50000000000005862 ) ) ;
#2308 = CARTESIAN_POINT ( 'NONE',  ( 0.000000000000000000, 30.00000000000000355, 0.000000000000000000 ) ) ;
#2309 = LINE ( 'NONE', #638, #2622 ) ;
#2310 = VECTOR ( 'NONE', #1634, 1000.000000000000000 ) ;
#2311 = CARTESIAN_POINT ( 'NONE',  ( 56.40000000000046754, -0.5000000000000014433, -13.09999999999999964 ) ) ;
#2312 = CARTESIAN_POINT ( 'NONE',  ( 0.000000000000000000, 5.000000000000000000, -8.500000000000063949 ) ) ;
#2313 = CARTESIAN_POINT ( 'NONE',  ( 1.561981751485802854E-13, 30.00000000000000355, -38.50000000000002132 ) ) ;
#2314 = EDGE_CURVE ( 'NONE', #3167, #3257, #2373, .T. ) ;
#2315 = ORIENTED_EDGE ( 'NONE', *, *, #2285, .F. ) ;
#2316 = DIRECTION ( 'NONE',  ( 0.000000000000000000, 0.000000000000000000, -1.000000000000000000 ) ) ;
#2317 = EDGE_CURVE ( 'NONE', #3657, #2944, #3502, .T. ) ;
#2318 = VERTEX_POINT ( 'NONE', #661 ) ;
#2319 = CARTESIAN_POINT ( 'NONE',  ( 69.59999999999999432, 5.000000000000000000, -13.50000000000005329 ) ) ;
#2320 = AXIS2_PLACEMENT_3D ( 'NONE', #594, #3413, #3397 ) ;
#2321 = ORIENTED_EDGE ( 'NONE', *, *, #315, .T. ) ;
#2322 = VERTEX_POINT ( 'NONE', #862 ) ;
#2323 = PLANE ( 'NONE',  #927 ) ;
#2324 = AXIS2_PLACEMENT_3D ( 'NONE', #200, #2518, #1638 ) ;
#2325 = ORIENTED_EDGE ( 'NONE', *, *, #2015, .T. ) ;
#2326 = CARTESIAN_POINT ( 'NONE',  ( 2.812818496694808584E-13, 30.00000000000000355, -25.50000000000003553 ) ) ;
#2327 = CARTESIAN_POINT ( 'NONE',  ( 11.09499999999531994, -0.5000000000000000000, -15.19999999999999929 ) ) ;
#2328 = AXIS2_PLACEMENT_3D ( 'NONE', #447, #2713, #1593 ) ;
#2329 = SURFACE_STYLE_FILL_AREA ( #3174 ) ;
#2330 = CARTESIAN_POINT ( 'NONE',  ( 0.000000000000000000, 5.000000000000000000, -17.50000000000004974 ) ) ;
#2331 = CARTESIAN_POINT ( 'NONE',  ( 69.59999999999999432, 5.000000000000000000, -4.500000000000066613 ) ) ;
#2332 = LINE ( 'NONE', #2368, #1721 ) ;
#2333 = DIRECTION ( 'NONE',  ( 0.000000000000000000, 1.000000000000000000, 0.000000000000000000 ) ) ;
#2334 = CARTESIAN_POINT ( 'NONE',  ( 0.000000000000000000, 5.000000000000000000, -5.500000000000067502 ) ) ;
#2335 = VERTEX_POINT ( 'NONE', #584 ) ;
#2336 = ADVANCED_FACE ( 'NONE', ( #1809 ), #2013, .T. ) ;
#2337 = LINE ( 'NONE', #3481, #618 ) ;
#2338 = VERTEX_POINT ( 'NONE', #2334 ) ;
#2339 = CARTESIAN_POINT ( 'NONE',  ( 69.60000000000019327, 30.00000000000000355, -34.50000000000002132 ) ) ;
#2340 = ORIENTED_EDGE ( 'NONE', *, *, #1285, .T. ) ;
#2341 = ADVANCED_FACE ( 'NONE', ( #3441 ), #1211, .F. ) ;
#2342 = EDGE_CURVE ( 'NONE', #1639, #812, #3141, .T. ) ;
#2343 = EDGE_LOOP ( 'NONE', ( #224, #1368 ) ) ;
#2344 = VERTEX_POINT ( 'NONE', #3479 ) ;
#2345 = CARTESIAN_POINT ( 'NONE',  ( 69.60000000000009379, 30.00000000000000355, -44.50000000000001421 ) ) ;
#2346 = LINE ( 'NONE', #1480, #2687 ) ;
#2347 = LINE ( 'NONE', #3197, #2129 ) ;
#2348 = ORIENTED_EDGE ( 'NONE', *, *, #2927, .T. ) ;
#2349 = DIRECTION ( 'NONE',  ( -0.000000000000000000, 1.000000000000000000, 0.000000000000000000 ) ) ;
#2350 = DIRECTION ( 'NONE',  ( -1.000000000000000000, -0.000000000000000000, -0.000000000000000000 ) ) ;
#2351 = DIRECTION ( 'NONE',  ( -0.000000000000000000, -1.000000000000000000, -0.000000000000000000 ) ) ;
#2352 = CARTESIAN_POINT ( 'NONE',  ( 0.000000000000000000, 5.000000000000000000, 0.000000000000000000 ) ) ;
#2353 = ORIENTED_EDGE ( 'NONE', *, *, #1149, .T. ) ;
#2354 = FACE_OUTER_BOUND ( 'NONE', #1854, .T. ) ;
#2355 = VERTEX_POINT ( 'NONE', #383 ) ;
#2356 = EDGE_CURVE ( 'NONE', #1416, #1516, #1448, .T. ) ;
#2357 = ORIENTED_EDGE ( 'NONE', *, *, #2680, .T. ) ;
#2358 = VERTEX_POINT ( 'NONE', #2926 ) ;
#2359 = ORIENTED_EDGE ( 'NONE', *, *, #3665, .T. ) ;
#2360 = LINE ( 'NONE', #2696, #3440 ) ;
#2361 = CARTESIAN_POINT ( 'NONE',  ( 69.59999999999999432, 5.000000000000000000, 0.000000000000000000 ) ) ;
#2362 = EDGE_CURVE ( 'NONE', #429, #2242, #2591, .T. ) ;
#2363 = VECTOR ( 'NONE', #856, 1000.000000000000000 ) ;
#2364 = DIRECTION ( 'NONE',  ( 0.000000000000000000, 0.000000000000000000, -1.000000000000000000 ) ) ;
#2365 = VECTOR ( 'NONE', #2714, 1000.000000000000000 ) ;
#2366 = VERTEX_POINT ( 'NONE', #26 ) ;
#2367 = LINE ( 'NONE', #1804, #3131 ) ;
#2368 = CARTESIAN_POINT ( 'NONE',  ( 3.123963502971605961E-14, 30.00000000000000355, -50.50000000000000000 ) ) ;
#2369 = EDGE_CURVE ( 'NONE', #2366, #1607, #2035, .T. ) ;
#2370 = VECTOR ( 'NONE', #861, 1000.000000000000000 ) ;
#2371 = CARTESIAN_POINT ( 'NONE',  ( 0.000000000000000000, 0.000000000000000000, -39.79999999999999716 ) ) ;
#2372 = CARTESIAN_POINT ( 'NONE',  ( 69.60000000000039222, 30.00000000000000355, -14.50000000000005507 ) ) ;
#2373 = LINE ( 'NONE', #2634, #2619 ) ;
#2374 = VECTOR ( 'NONE', #943, 1000.000000000000000 ) ;
#2375 = CARTESIAN_POINT ( 'NONE',  ( 3.748756203565927153E-13, 30.00000000000000355, -17.50000000000004974 ) ) ;
#2376 = ORIENTED_EDGE ( 'NONE', *, *, #2266, .F. ) ;
#2377 = CARTESIAN_POINT ( 'NONE',  ( 15.29499999999532101, 0.000000000000000000, -15.19999999999999929 ) ) ;
#2378 = ORIENTED_EDGE ( 'NONE', *, *, #776, .F. ) ;
#2379 = VERTEX_POINT ( 'NONE', #1468 ) ;
#2380 = VERTEX_POINT ( 'NONE', #2611 ) ;
#2381 = DIRECTION ( 'NONE',  ( 0.000000000000000000, 1.000000000000000000, 0.000000000000000000 ) ) ;
#2382 = DIRECTION ( 'NONE',  ( -0.000000000000000000, -1.000000000000000000, -0.000000000000000000 ) ) ;
#2383 = AXIS2_PLACEMENT_3D ( 'NONE', #1260, #2381, #2140 ) ;
#2384 = EDGE_CURVE ( 'NONE', #1588, #704, #1192, .T. ) ;
#2385 = DIRECTION ( 'NONE',  ( 1.000000000000000000, 0.000000000000000000, 0.000000000000000000 ) ) ;
#2386 = VERTEX_POINT ( 'NONE', #3181 ) ;
#2387 = LINE ( 'NONE', #84, #2962 ) ;
#2388 = DIRECTION ( 'NONE',  ( -0.000000000000000000, -1.000000000000000000, -0.000000000000000000 ) ) ;
#2389 = VECTOR ( 'NONE', #2907, 1000.000000000000000 ) ;
#2390 = EDGE_CURVE ( 'NONE', #3596, #1639, #2073, .T. ) ;
#2391 = DIRECTION ( 'NONE',  ( 1.000000000000000000, 0.000000000000000000, 0.000000000000000000 ) ) ;
#2392 = DIRECTION ( 'NONE',  ( 0.000000000000000000, -0.000000000000000000, -1.000000000000000000 ) ) ;
#2393 = VECTOR ( 'NONE', #1105, 1000.000000000000000 ) ;
#2394 = CARTESIAN_POINT ( 'NONE',  ( 13.20000000000046825, 4.000000000000000000, -12.30000000000000071 ) ) ;
#2395 = CARTESIAN_POINT ( 'NONE',  ( 1.249585401188642384E-13, 30.00000000000000355, -41.50000000000001421 ) ) ;
#2396 = ORIENTED_EDGE ( 'NONE', *, *, #2435, .T. ) ;
#2397 = CARTESIAN_POINT ( 'NONE',  ( 0.000000000000000000, 30.00000000000000355, 0.000000000000000000 ) ) ;
#2398 = ORIENTED_EDGE ( 'NONE', *, *, #436, .T. ) ;
#2399 = VERTEX_POINT ( 'NONE', #185 ) ;
#2400 = VERTEX_POINT ( 'NONE', #3243 ) ;
#2401 = DIRECTION ( 'NONE',  ( -0.000000000000000000, -1.000000000000000000, -0.000000000000000000 ) ) ;
#2402 = CARTESIAN_POINT ( 'NONE',  ( 56.40000000000046754, 4.480688495222048928, -13.09999999999999964 ) ) ;
#2403 = CARTESIAN_POINT ( 'NONE',  ( 69.60000000000022169, 30.00000000000000355, -31.50000000000002842 ) ) ;
#2404 = EDGE_LOOP ( 'NONE', ( #3153, #241, #2276, #1315 ) ) ;
#2405 = DIRECTION ( 'NONE',  ( 1.000000000000000000, 0.000000000000000000, 0.000000000000000000 ) ) ;
#2406 = CARTESIAN_POINT ( 'NONE',  ( 4.998341604754569538E-13, 30.00000000000000355, -5.500000000000067502 ) ) ;
#2407 = ADVANCED_FACE ( 'NONE', ( #1327 ), #676, .F. ) ;
#2408 = CARTESIAN_POINT ( 'NONE',  ( 56.40000000000046754, -0.5000000000000000000, -13.09999999999999964 ) ) ;
#2409 = CARTESIAN_POINT ( 'NONE',  ( 1.251344020363393808E-16, 30.00000000000000355, -52.50000000000000000 ) ) ;
#2410 = EDGE_CURVE ( 'NONE', #1928, #17, #3262, .T. ) ;
#2411 = LINE ( 'NONE', #2725, #855 ) ;
#2412 = EDGE_LOOP ( 'NONE', ( #3212, #3303, #2431, #33 ) ) ;
#2413 = LINE ( 'NONE', #2099, #1481 ) ;
#2414 = EDGE_CURVE ( 'NONE', #1752, #2017, #1039, .T. ) ;
#2415 = ORIENTED_EDGE ( 'NONE', *, *, #3522, .F. ) ;
#2416 = VERTEX_POINT ( 'NONE', #2110 ) ;
#2417 = ORIENTED_EDGE ( 'NONE', *, *, #1655, .F. ) ;
#2418 = CARTESIAN_POINT ( 'NONE',  ( 69.60000000000012221, 30.00000000000000355, -40.50000000000001421 ) ) ;
#2419 = CARTESIAN_POINT ( 'NONE',  ( 0.000000000000000000, 5.000000000000000000, 0.000000000000000000 ) ) ;
#2420 = LINE ( 'NONE', #2698, #1594 ) ;
#2421 = VERTEX_POINT ( 'NONE', #476 ) ;
#2422 = DIRECTION ( 'NONE',  ( 1.000000000000000000, 0.000000000000000000, 0.000000000000000000 ) ) ;
#2423 = CARTESIAN_POINT ( 'NONE',  ( 4.998341604754569538E-13, 30.00000000000000355, -5.500000000000067502 ) ) ;
#2424 = AXIS2_PLACEMENT_3D ( 'NONE', #440, #1309, #3579 ) ;
#2425 = DIRECTION ( 'NONE',  ( 0.000000000000000000, 0.000000000000000000, -1.000000000000000000 ) ) ;
#2426 = DIRECTION ( 'NONE',  ( 1.049727191138618942E-16, -0.5150380749100537114, 0.8571673007021125557 ) ) ;
#2427 = AXIS2_PLACEMENT_3D ( 'NONE', #360, #2627, #1205 ) ;
#2428 = EDGE_CURVE ( 'NONE', #3295, #3396, #3594, .T. ) ;
#2429 = VECTOR ( 'NONE', #608, 1000.000000000000000 ) ;
#2430 = CARTESIAN_POINT ( 'NONE',  ( 4.685945254457409068E-13, 30.00000000000000355, -8.500000000000063949 ) ) ;
#2431 = ORIENTED_EDGE ( 'NONE', *, *, #2792, .F. ) ;
#2432 = DIRECTION ( 'NONE',  ( 1.000000000000000000, 0.000000000000000000, 0.000000000000000000 ) ) ;
#2433 = VERTEX_POINT ( 'NONE', #2999 ) ;
#2434 = AXIS2_PLACEMENT_3D ( 'NONE', #3157, #1705, #2845 ) ;
#2435 = EDGE_CURVE ( 'NONE', #2621, #2908, #3628, .T. ) ;
#2436 = ORIENTED_EDGE ( 'NONE', *, *, #662, .F. ) ;
#2437 = ORIENTED_EDGE ( 'NONE', *, *, #463, .T. ) ;
#2438 = LINE ( 'NONE', #1239, #2259 ) ;
#2439 = DIRECTION ( 'NONE',  ( 0.000000000000000000, -0.5150380749100537114, -0.8571673007021125557 ) ) ;
#2440 = DIRECTION ( 'NONE',  ( 0.8637789008984313455, 0.5038710255240897995, 9.136692301475323028E-17 ) ) ;
#2441 = ORIENTED_EDGE ( 'NONE', *, *, #3099, .T. ) ;
#2442 = FACE_OUTER_BOUND ( 'NONE', #1236, .T. ) ;
#2443 = CARTESIAN_POINT ( 'NONE',  ( 2.811567152674445239E-13, 30.00000000000000355, -26.50000000000003908 ) ) ;
#2444 = VECTOR ( 'NONE', #3640, 1000.000000000000000 ) ;
#2445 = VECTOR ( 'NONE', #2062, 1000.000000000000000 ) ;
#2446 = DIRECTION ( 'NONE',  ( 0.000000000000000000, -0.5150380749100562650, -0.8571673007021111124 ) ) ;
#2447 = VECTOR ( 'NONE', #363, 1000.000000000000000 ) ;
#2448 = DIRECTION ( 'NONE',  ( 1.000000000000000000, 0.000000000000000000, 0.000000000000000000 ) ) ;
#2449 = AXIS2_PLACEMENT_3D ( 'NONE', #243, #1371, #3586 ) ;
#2450 = CARTESIAN_POINT ( 'NONE',  ( 9.384403949118451333E-14, 5.000000000000000000, -43.50000000000001421 ) ) ;
#2451 = EDGE_LOOP ( 'NONE', ( #1224, #1364, #495, #2261 ) ) ;
#2452 = EDGE_CURVE ( 'NONE', #812, #2123, #2185, .T. ) ;
#2453 = VERTEX_POINT ( 'NONE', #2721 ) ;
#2454 = ORIENTED_EDGE ( 'NONE', *, *, #2633, .F. ) ;
#2455 = ORIENTED_EDGE ( 'NONE', *, *, #987, .F. ) ;
#2456 = CARTESIAN_POINT ( 'NONE',  ( 13.19999999999999929, 4.000000000000000000, -41.89999999999999858 ) ) ;
#2457 = CARTESIAN_POINT ( 'NONE',  ( 0.000000000000000000, 5.000000000000000000, -13.50000000000005329 ) ) ;
#2458 = EDGE_CURVE ( 'NONE', #2933, #1927, #3521, .T. ) ;
#2459 = EDGE_CURVE ( 'NONE', #1310, #3233, #403, .T. ) ;
#2460 = CARTESIAN_POINT ( 'NONE',  ( 4.374800248180611943E-13, 30.00000000000000355, -10.50000000000005862 ) ) ;
#2461 = ORIENTED_EDGE ( 'NONE', *, *, #2954, .F. ) ;
#2462 = LINE ( 'NONE', #2250, #1055 ) ;
#2463 = DIRECTION ( 'NONE',  ( 0.000000000000000000, 0.000000000000000000, -1.000000000000000000 ) ) ;
#2464 = EDGE_CURVE ( 'NONE', #2914, #631, #2689, .T. ) ;
#2465 = DIRECTION ( 'NONE',  ( 0.000000000000000000, -0.000000000000000000, 1.000000000000000000 ) ) ;
#2466 = CARTESIAN_POINT ( 'NONE',  ( 13.19999999999999929, -0.5000000000000000000, -41.89999999999999858 ) ) ;
#2467 = PLANE ( 'NONE',  #2424 ) ;
#2468 = ORIENTED_EDGE ( 'NONE', *, *, #1786, .T. ) ;
#2469 = VERTEX_POINT ( 'NONE', #3034 ) ;
#2470 = ORIENTED_EDGE ( 'NONE', *, *, #2947, .F. ) ;
#2471 = ADVANCED_FACE ( 'NONE', ( #1581 ), #718, .F. ) ;
#2472 = EDGE_LOOP ( 'NONE', ( #1216, #587, #1295, #1212 ) ) ;
#2473 = FACE_OUTER_BOUND ( 'NONE', #1206, .T. ) ;
#2474 = DIRECTION ( 'NONE',  ( -1.000000000000000000, -0.000000000000000000, -0.000000000000000000 ) ) ;
#2475 = CARTESIAN_POINT ( 'NONE',  ( 0.000000000000000000, -0.5000000000000000000, -15.19999999999999929 ) ) ;
#2476 = ADVANCED_FACE ( 'NONE', ( #963 ), #2982, .T. ) ;
#2477 = ORIENTED_EDGE ( 'NONE', *, *, #290, .T. ) ;
#2478 = DIRECTION ( 'NONE',  ( -1.000000000000000000, -0.000000000000000000, -0.000000000000000000 ) ) ;
#2479 = CARTESIAN_POINT ( 'NONE',  ( 2.188025796100487644E-13, 30.00000000000000355, -31.50000000000002842 ) ) ;
#2480 = DIRECTION ( 'NONE',  ( -1.000000000000000000, 0.000000000000000000, -0.000000000000000000 ) ) ;
#2481 = FACE_OUTER_BOUND ( 'NONE', #1552, .T. ) ;
#2482 = EDGE_CURVE ( 'NONE', #3089, #2892, #1305, .T. ) ;
#2483 = DIRECTION ( 'NONE',  ( 0.000000000000000000, 0.000000000000000000, 1.000000000000000000 ) ) ;
#2484 = VECTOR ( 'NONE', #1606, 1000.000000000000000 ) ;
#2485 = DIRECTION ( 'NONE',  ( -1.000000000000000000, -0.000000000000000000, -0.000000000000000000 ) ) ;
#2486 = ORIENTED_EDGE ( 'NONE', *, *, #3587, .T. ) ;
#2487 = AXIS2_PLACEMENT_3D ( 'NONE', #3049, #1673, #1410 ) ;
#2488 = ORIENTED_EDGE ( 'NONE', *, *, #1380, .T. ) ;
#2489 = VECTOR ( 'NONE', #728, 1000.000000000000000 ) ;
#2490 = ORIENTED_EDGE ( 'NONE', *, *, #3289, .F. ) ;
#2491 = ORIENTED_EDGE ( 'NONE', *, *, #3150, .F. ) ;
#2492 = PLANE ( 'NONE',  #1717 ) ;
#2493 = DIRECTION ( 'NONE',  ( -0.000000000000000000, 1.000000000000000000, -0.000000000000000000 ) ) ;
#2494 = AXIS2_PLACEMENT_3D ( 'NONE', #292, #1177, #894 ) ;
#2495 = LINE ( 'NONE', #2528, #3260 ) ;
#2496 = VERTEX_POINT ( 'NONE', #3578 ) ;
#2497 = DIRECTION ( 'NONE',  ( 1.251344020363363486E-16, 0.000000000000000000, 1.000000000000000000 ) ) ;
#2498 = DIRECTION ( 'NONE',  ( 1.000000000000000000, 0.000000000000000000, -0.000000000000000000 ) ) ;
#2499 = EDGE_CURVE ( 'NONE', #3580, #2950, #1566, .T. ) ;
#2500 = CARTESIAN_POINT ( 'NONE',  ( 69.59999999999999432, 5.000000000000000000, -37.50000000000002132 ) ) ;
#2501 = DIRECTION ( 'NONE',  ( -1.000000000000000000, -0.000000000000000000, -0.000000000000000000 ) ) ;
#2502 = VECTOR ( 'NONE', #3470, 1000.000000000000000 ) ;
#2503 = ADVANCED_FACE ( 'NONE', ( #1602 ), #145, .F. ) ;
#2504 = AXIS2_PLACEMENT_3D ( 'NONE', #2466, #2744, #1826 ) ;
#2505 = ORIENTED_EDGE ( 'NONE', *, *, #3557, .T. ) ;
#2506 = VECTOR ( 'NONE', #875, 1000.000000000000000 ) ;
#2507 = ORIENTED_EDGE ( 'NONE', *, *, #2972, .T. ) ;
#2508 = ORIENTED_EDGE ( 'NONE', *, *, #664, .T. ) ;
#2509 = VECTOR ( 'NONE', #909, 1000.000000000000000 ) ;
#2510 = ORIENTED_EDGE ( 'NONE', *, *, #315, .F. ) ;
#2511 = DIRECTION ( 'NONE',  ( -0.000000000000000000, -0.000000000000000000, 1.000000000000000000 ) ) ;
#2512 = LINE ( 'NONE', #3345, #3680 ) ;
#2513 = LINE ( 'NONE', #500, #3194 ) ;
#2514 = ORIENTED_EDGE ( 'NONE', *, *, #3394, .F. ) ;
#2515 = LINE ( 'NONE', #1719, #2502 ) ;
#2516 = DIRECTION ( 'NONE',  ( -0.000000000000000000, 1.000000000000000000, 0.000000000000000000 ) ) ;
#2517 = DIRECTION ( 'NONE',  ( 1.000000000000000000, 0.000000000000000000, 0.000000000000000000 ) ) ;
#2518 = DIRECTION ( 'NONE',  ( 1.000000000000000000, -0.000000000000000000, 0.000000000000000000 ) ) ;
#2519 = EDGE_CURVE ( 'NONE', #1232, #1389, #3283, .T. ) ;
#2520 = CARTESIAN_POINT ( 'NONE',  ( 11.09500000000000419, 0.000000000000000000, -39.79999999999999716 ) ) ;
#2521 = EDGE_CURVE ( 'NONE', #3108, #1513, #735, .T. ) ;
#2522 = ORIENTED_EDGE ( 'NONE', *, *, #2726, .F. ) ;
#2523 = ORIENTED_EDGE ( 'NONE', *, *, #3173, .F. ) ;
#2524 = ADVANCED_FACE ( 'NONE', ( #1379 ), #2825, .F. ) ;
#2525 = EDGE_LOOP ( 'NONE', ( #686, #444, #759, #255 ) ) ;
#2526 = DIRECTION ( 'NONE',  ( 0.000000000000000000, 0.000000000000000000, -1.000000000000000000 ) ) ;
#2527 = DIRECTION ( 'NONE',  ( 0.000000000000000000, 1.000000000000000000, 0.000000000000000000 ) ) ;
#2528 = CARTESIAN_POINT ( 'NONE',  ( 69.59999999999999432, 30.00000000000000355, -53.50000000000000000 ) ) ;
#2529 = ORIENTED_EDGE ( 'NONE', *, *, #3380, .T. ) ;
#2530 = CARTESIAN_POINT ( 'NONE',  ( 1.875629445803326922E-13, 5.000000000000000000, -34.50000000000002132 ) ) ;
#2531 = LINE ( 'NONE', #819, #2745 ) ;
#2532 = CARTESIAN_POINT ( 'NONE',  ( 69.59999999999999432, 5.000000000000000000, 0.000000000000000000 ) ) ;
#2533 = DIRECTION ( 'NONE',  ( 1.049727191138617217E-16, -0.5150380749100562650, 0.8571673007021111124 ) ) ;
#2534 = CARTESIAN_POINT ( 'NONE',  ( 69.60000000000039222, 30.00000000000000355, -13.50000000000005329 ) ) ;
#2535 = AXIS2_PLACEMENT_3D ( 'NONE', #3115, #556, #883 ) ;
#2536 = ORIENTED_EDGE ( 'NONE', *, *, #3227, .T. ) ;
#2537 = EDGE_CURVE ( 'NONE', #2212, #3657, #3679, .T. ) ;
#2538 = AXIS2_PLACEMENT_3D ( 'NONE', #298, #917, #1460 ) ;
#2539 = ORIENTED_EDGE ( 'NONE', *, *, #916, .F. ) ;
#2540 = VERTEX_POINT ( 'NONE', #805 ) ;
#2541 = DIRECTION ( 'NONE',  ( -1.000000000000000000, -0.000000000000000000, -0.000000000000000000 ) ) ;
#2542 = CIRCLE ( 'NONE', #2898, 0.8000000000000020428 ) ;
#2543 = ADVANCED_FACE ( 'NONE', ( #2274 ), #2255, .T. ) ;
#2544 = DIRECTION ( 'NONE',  ( -0.000000000000000000, -1.000000000000000000, -0.000000000000000000 ) ) ;
#2545 = VECTOR ( 'NONE', #2478, 1000.000000000000000 ) ;
#2546 = ORIENTED_EDGE ( 'NONE', *, *, #634, .F. ) ;
#2547 = CARTESIAN_POINT ( 'NONE',  ( 56.40000000000000568, 4.000000000000000000, -41.09999999999999432 ) ) ;
#2548 = CARTESIAN_POINT ( 'NONE',  ( 6.260440446146845372E-14, 30.00000000000000355, -46.50000000000000711 ) ) ;
#2549 = PLANE ( 'NONE',  #2487 ) ;
#2550 = PLANE ( 'NONE',  #1227 ) ;
#2551 = DIRECTION ( 'NONE',  ( 0.000000000000000000, 1.000000000000000000, 0.000000000000000000 ) ) ;
#2552 = PLANE ( 'NONE',  #2305 ) ;
#2553 = EDGE_LOOP ( 'NONE', ( #307, #3561, #2829, #1873 ) ) ;
#2554 = VECTOR ( 'NONE', #2785, 1000.000000000000000 ) ;
#2555 = VECTOR ( 'NONE', #793, 1000.000000000000000 ) ;
#2556 = ORIENTED_EDGE ( 'NONE', *, *, #2673, .T. ) ;
#2557 = ORIENTED_EDGE ( 'NONE', *, *, #2567, .T. ) ;
#2558 = VECTOR ( 'NONE', #2501, 1000.000000000000000 ) ;
#2559 = DIRECTION ( 'NONE',  ( 1.000000000000000000, 0.000000000000000000, -0.000000000000000000 ) ) ;
#2560 = EDGE_CURVE ( 'NONE', #1607, #1850, #840, .T. ) ;
#2561 = ORIENTED_EDGE ( 'NONE', *, *, #1266, .T. ) ;
#2562 = VECTOR ( 'NONE', #1281, 1000.000000000000000 ) ;
#2563 = PLANE ( 'NONE',  #628 ) ;
#2564 = VERTEX_POINT ( 'NONE', #3050 ) ;
#2565 = CARTESIAN_POINT ( 'NONE',  ( 13.19999999999999751, 4.480688495222048928, -41.89999999999999858 ) ) ;
#2566 = DIRECTION ( 'NONE',  ( 1.000000000000000000, 0.000000000000000000, 0.000000000000000000 ) ) ;
#2567 = EDGE_CURVE ( 'NONE', #2243, #738, #1976, .T. ) ;
#2568 = EDGE_CURVE ( 'NONE', #3451, #267, #3366, .T. ) ;
#2569 = DIRECTION ( 'NONE',  ( 4.130293990420967418E-16, 0.000000000000000000, -1.000000000000000000 ) ) ;
#2570 = LINE ( 'NONE', #1146, #3067 ) ;
#2571 = CARTESIAN_POINT ( 'NONE',  ( 13.20000000000046825, -0.5000000000000014433, -13.09999999999999964 ) ) ;
#2572 = CARTESIAN_POINT ( 'NONE',  ( 0.000000000000000000, 5.000000000000000000, 0.000000000000000000 ) ) ;
#2573 = EDGE_CURVE ( 'NONE', #1984, #2802, #1687, .T. ) ;
#2574 = DIRECTION ( 'NONE',  ( -0.000000000000000000, -1.000000000000000000, -0.000000000000000000 ) ) ;
#2575 = EDGE_LOOP ( 'NONE', ( #2325, #1134, #428, #2654 ) ) ;
#2576 = ORIENTED_EDGE ( 'NONE', *, *, #1054, .T. ) ;
#2577 = EDGE_LOOP ( 'NONE', ( #1585, #1202, #1051, #433 ) ) ;
#2578 = DIRECTION ( 'NONE',  ( 1.000000000000000000, 0.000000000000000000, 0.000000000000000000 ) ) ;
#2579 = EDGE_LOOP ( 'NONE', ( #1065, #1522, #3004, #294 ) ) ;
#2580 = DIRECTION ( 'NONE',  ( 1.000000000000000000, 0.000000000000000000, 0.000000000000000000 ) ) ;
#2581 = ORIENTED_EDGE ( 'NONE', *, *, #3144, .F. ) ;
#2582 = CYLINDRICAL_SURFACE ( 'NONE', #2320, 0.7999999999999951594 ) ;
#2583 = LINE ( 'NONE', #1778, #2027 ) ;
#2584 = ADVANCED_FACE ( 'NONE', ( #1393 ), #1922, .F. ) ;
#2585 = CARTESIAN_POINT ( 'NONE',  ( 3.136476943175239411E-14, 30.00000000000000355, -49.50000000000000000 ) ) ;
#2586 = PLANE ( 'NONE',  #680 ) ;
#2587 = CARTESIAN_POINT ( 'NONE',  ( 1.874378101782963577E-13, 30.00000000000000355, -35.50000000000002132 ) ) ;
#2588 = CARTESIAN_POINT ( 'NONE',  ( 69.59999999999999432, 5.000000000000000000, -46.50000000000000711 ) ) ;
#2589 = ADVANCED_FACE ( 'NONE', ( #1058 ), #1362, .F. ) ;
#2590 = CARTESIAN_POINT ( 'NONE',  ( 69.59999999999999432, 5.000000000000000000, 0.000000000000000000 ) ) ;
#2591 = LINE ( 'NONE', #345, #1550 ) ;
#2592 = VERTEX_POINT ( 'NONE', #3646 ) ;
#2593 = PLANE ( 'NONE',  #1583 ) ;
#2594 = ORIENTED_EDGE ( 'NONE', *, *, #842, .F. ) ;
#2595 = DIRECTION ( 'NONE',  ( 0.000000000000000000, -0.5150380749100562650, -0.8571673007021111124 ) ) ;
#2596 = ORIENTED_EDGE ( 'NONE', *, *, #1496, .F. ) ;
#2597 = VECTOR ( 'NONE', #405, 1000.000000000000000 ) ;
#2598 = EDGE_LOOP ( 'NONE', ( #953, #1570, #847, #374 ) ) ;
#2599 = CARTESIAN_POINT ( 'NONE',  ( 4.687196598477772918E-13, 30.00000000000000355, -7.500000000000062172 ) ) ;
#2600 = ORIENTED_EDGE ( 'NONE', *, *, #2705, .T. ) ;
#2601 = DIRECTION ( 'NONE',  ( 1.049727191138618942E-16, -0.5150380749100537114, 0.8571673007021125557 ) ) ;
#2602 = CARTESIAN_POINT ( 'NONE',  ( 4.062403897883450968E-13, 30.00000000000000355, -13.50000000000005329 ) ) ;
#2603 = VECTOR ( 'NONE', #1241, 1000.000000000000000 ) ;
#2604 = AXIS2_PLACEMENT_3D ( 'NONE', #2311, #2033, #3159 ) ;
#2605 = SURFACE_SIDE_STYLE ('',( #2329 ) ) ;
#2606 = DIRECTION ( 'NONE',  ( 0.000000000000000000, 0.000000000000000000, -1.000000000000000000 ) ) ;
#2607 = CARTESIAN_POINT ( 'NONE',  ( 15.29499999999532101, -0.5000000000000000000, -11.00000000000000000 ) ) ;
#2608 = FACE_OUTER_BOUND ( 'NONE', #1531, .T. ) ;
#2609 = EDGE_CURVE ( 'NONE', #1994, #2621, #3662, .T. ) ;
#2610 = LINE ( 'NONE', #904, #1461 ) ;
#2611 = CARTESIAN_POINT ( 'NONE',  ( 13.20000000000046825, -0.5000000000000014433, -12.30000000000000959 ) ) ;
#2612 = ADVANCED_FACE ( 'NONE', ( #3612 ), #3334, .T. ) ;
#2613 = EDGE_CURVE ( 'NONE', #3462, #2800, #558, .T. ) ;
#2614 = ORIENTED_EDGE ( 'NONE', *, *, #1363, .F. ) ;
#2615 = FACE_OUTER_BOUND ( 'NONE', #1178, .T. ) ;
#2616 = ORIENTED_EDGE ( 'NONE', *, *, #2459, .F. ) ;
#2617 = CARTESIAN_POINT ( 'NONE',  ( 0.000000000000000000, 0.000000000000000000, -55.00000000000000000 ) ) ;
#2618 = VECTOR ( 'NONE', #57, 1000.000000000000000 ) ;
#2619 = VECTOR ( 'NONE', #2095, 1000.000000000000000 ) ;
#2620 = VERTEX_POINT ( 'NONE', #492 ) ;
#2621 = VERTEX_POINT ( 'NONE', #3084 ) ;
#2622 = VECTOR ( 'NONE', #858, 1000.000000000000000 ) ;
#2623 = VERTEX_POINT ( 'NONE', #3383 ) ;
#2624 = CARTESIAN_POINT ( 'NONE',  ( 69.59999999999999432, 30.00000000000000355, -53.50000000000000000 ) ) ;
#2625 = CARTESIAN_POINT ( 'NONE',  ( 2.186774452080124046E-13, 5.000000000000000000, -32.50000000000002842 ) ) ;
#2626 = CIRCLE ( 'NONE', #3513, 0.8000000000000020428 ) ;
#2627 = DIRECTION ( 'NONE',  ( 1.000000000000000000, 0.000000000000000000, 0.000000000000000000 ) ) ;
#2628 = ORIENTED_EDGE ( 'NONE', *, *, #1903, .F. ) ;
#2629 = CARTESIAN_POINT ( 'NONE',  ( 6.247927005943211922E-14, 30.00000000000000355, -47.50000000000000711 ) ) ;
#2630 = AXIS2_PLACEMENT_3D ( 'NONE', #1813, #132, #1272 ) ;
#2631 = CARTESIAN_POINT ( 'NONE',  ( 1.874378101782963577E-13, 30.00000000000000355, -35.50000000000002132 ) ) ;
#2632 = DIRECTION ( 'NONE',  ( 0.000000000000000000, 0.000000000000000000, 1.000000000000000000 ) ) ;
#2633 = EDGE_CURVE ( 'NONE', #3072, #153, #2776, .T. ) ;
#2634 = CARTESIAN_POINT ( 'NONE',  ( 1.251344020363393808E-16, 30.00000000000000355, -52.50000000000000000 ) ) ;
#2635 = ORIENTED_EDGE ( 'NONE', *, *, #3537, .T. ) ;
#2636 = ADVANCED_FACE ( 'NONE', ( #1109 ), #2222, .F. ) ;
#2637 = PLANE ( 'NONE',  #1101 ) ;
#2638 = ORIENTED_EDGE ( 'NONE', *, *, #121, .F. ) ;
#2639 = ORIENTED_EDGE ( 'NONE', *, *, #2560, .T. ) ;
#2640 = EDGE_CURVE ( 'NONE', #3108, #2296, #508, .T. ) ;
#2641 = ORIENTED_EDGE ( 'NONE', *, *, #2855, .F. ) ;
#2642 = VERTEX_POINT ( 'NONE', #2810 ) ;
#2643 = FACE_OUTER_BOUND ( 'NONE', #1775, .T. ) ;
#2644 = DIRECTION ( 'NONE',  ( -0.000000000000000000, -1.000000000000000000, -0.000000000000000000 ) ) ;
#2645 = CARTESIAN_POINT ( 'NONE',  ( 69.60000000000019327, 5.000000000000000000, -35.50000000000002132 ) ) ;
#2646 = ORIENTED_EDGE ( 'NONE', *, *, #1079, .T. ) ;
#2647 = DIRECTION ( 'NONE',  ( 0.000000000000000000, 0.000000000000000000, 1.000000000000000000 ) ) ;
#2648 = CARTESIAN_POINT ( 'NONE',  ( 3.125214846991969054E-13, 30.00000000000000355, -22.50000000000003908 ) ) ;
#2649 = LINE ( 'NONE', #2867, #1759 ) ;
#2650 = DIRECTION ( 'NONE',  ( -0.000000000000000000, 1.000000000000000000, -0.000000000000000000 ) ) ;
#2651 = DIRECTION ( 'NONE',  ( 0.000000000000000000, -0.000000000000000000, -1.000000000000000000 ) ) ;
#2652 = EDGE_LOOP ( 'NONE', ( #1836, #934, #2454, #3092 ) ) ;
#2653 = EDGE_CURVE ( 'NONE', #445, #3108, #66, .T. ) ;
#2654 = ORIENTED_EDGE ( 'NONE', *, *, #1732, .T. ) ;
#2655 = VERTEX_POINT ( 'NONE', #3177 ) ;
#2656 = VERTEX_POINT ( 'NONE', #2588 ) ;
#2657 = CARTESIAN_POINT ( 'NONE',  ( 3.123963502971605709E-13, 30.00000000000000355, -23.50000000000004263 ) ) ;
#2658 = DIRECTION ( 'NONE',  ( -0.000000000000000000, -1.000000000000000000, -0.000000000000000000 ) ) ;
#2659 = EDGE_CURVE ( 'NONE', #2017, #2240, #2684, .T. ) ;
#2660 = PLANE ( 'NONE',  #2831 ) ;
#2661 = VECTOR ( 'NONE', #2756, 1000.000000000000000 ) ;
#2662 = EDGE_LOOP ( 'NONE', ( #2224, #1273, #2886, #3054 ) ) ;
#2663 = PLANE ( 'NONE',  #993 ) ;
#2664 = CARTESIAN_POINT ( 'NONE',  ( 56.40000000000000568, -0.5000000000000000000, -41.89999999999999858 ) ) ;
#2665 = VECTOR ( 'NONE', #2770, 1000.000000000000000 ) ;
#2666 = CARTESIAN_POINT ( 'NONE',  ( 0.000000000000000000, 5.000000000000000000, 0.000000000000000000 ) ) ;
#2667 = CARTESIAN_POINT ( 'NONE',  ( 69.60000000000049170, 30.00000000000000355, -5.500000000000067502 ) ) ;
#2668 = VECTOR ( 'NONE', #3363, 1000.000000000000000 ) ;
#2669 = ORIENTED_EDGE ( 'NONE', *, *, #3102, .T. ) ;
#2670 = ORIENTED_EDGE ( 'NONE', *, *, #3487, .F. ) ;
#2671 = ORIENTED_EDGE ( 'NONE', *, *, #758, .F. ) ;
#2672 = ORIENTED_EDGE ( 'NONE', *, *, #2769, .F. ) ;
#2673 = EDGE_CURVE ( 'NONE', #1709, #2564, #2883, .T. ) ;
#2674 = VERTEX_POINT ( 'NONE', #1164 ) ;
#2675 = DIRECTION ( 'NONE',  ( 1.000000000000000000, 0.000000000000000000, 0.000000000000000000 ) ) ;
#2676 = CONICAL_SURFACE ( 'NONE', #2850, 0.8000000000000020428, 1.029744258676654978 ) ;
#2677 = CARTESIAN_POINT ( 'NONE',  ( 69.59999999999999432, 5.000000000000000000, -52.50000000000000000 ) ) ;
#2678 = AXIS2_PLACEMENT_3D ( 'NONE', #3043, #484, #779 ) ;
#2679 = DIRECTION ( 'NONE',  ( 0.000000000000000000, 0.000000000000000000, 1.000000000000000000 ) ) ;
#2680 = EDGE_CURVE ( 'NONE', #1712, #2199, #3417, .T. ) ;
#2681 = EDGE_LOOP ( 'NONE', ( #720, #1113, #3486, #782 ) ) ;
#2682 = DIRECTION ( 'NONE',  ( 0.000000000000000000, -1.000000000000000000, 0.000000000000000000 ) ) ;
#2683 = DIRECTION ( 'NONE',  ( -0.000000000000000000, -0.000000000000000000, 1.000000000000000000 ) ) ;
#2684 = CIRCLE ( 'NONE', #2210, 0.7999999999999986011 ) ;
#2685 = CARTESIAN_POINT ( 'NONE',  ( 69.60000000000043485, 30.00000000000000355, -10.50000000000005862 ) ) ;
#2686 = DIRECTION ( 'NONE',  ( -0.000000000000000000, -1.000000000000000000, -0.000000000000000000 ) ) ;
#2687 = VECTOR ( 'NONE', #2003, 1000.000000000000000 ) ;
#2688 = EDGE_CURVE ( 'NONE', #2344, #2123, #3498, .T. ) ;
#2689 = LINE ( 'NONE', #438, #1548 ) ;
#2690 = CARTESIAN_POINT ( 'NONE',  ( 69.60000000000046327, 30.00000000000000355, -8.500000000000063949 ) ) ;
#2691 = VERTEX_POINT ( 'NONE', #1446 ) ;
#2692 = DIRECTION ( 'NONE',  ( 0.000000000000000000, 0.000000000000000000, -1.000000000000000000 ) ) ;
#2693 = ORIENTED_EDGE ( 'NONE', *, *, #1117, .T. ) ;
#2694 = ORIENTED_EDGE ( 'NONE', *, *, #3083, .F. ) ;
#2695 = EDGE_LOOP ( 'NONE', ( #3343, #627, #1141, #1174 ) ) ;
#2696 = CARTESIAN_POINT ( 'NONE',  ( 2.811567152674445239E-13, 5.000000000000000000, -26.50000000000003908 ) ) ;
#2697 = DIRECTION ( 'NONE',  ( 1.000000000000000000, 0.000000000000000000, -0.000000000000000000 ) ) ;
#2698 = CARTESIAN_POINT ( 'NONE',  ( 1.250836745209005729E-13, 30.00000000000000355, -40.50000000000001421 ) ) ;
#2699 = ORIENTED_EDGE ( 'NONE', *, *, #3539, .F. ) ;
#2700 = DIRECTION ( 'NONE',  ( 1.251344020363856524E-16, 0.000000000000000000, 1.000000000000000000 ) ) ;
#2701 = LINE ( 'NONE', #161, #2916 ) ;
#2702 = EDGE_CURVE ( 'NONE', #2691, #3597, #44, .T. ) ;
#2703 = DIRECTION ( 'NONE',  ( -0.000000000000000000, -0.000000000000000000, 1.000000000000000000 ) ) ;
#2704 = DIRECTION ( 'NONE',  ( -0.000000000000000000, -1.000000000000000000, -0.000000000000000000 ) ) ;
#2705 = EDGE_CURVE ( 'NONE', #2322, #3324, #23, .T. ) ;
#2706 = DIRECTION ( 'NONE',  ( -0.000000000000000000, -1.000000000000000000, -0.000000000000000000 ) ) ;
#2707 = ORIENTED_EDGE ( 'NONE', *, *, #2521, .T. ) ;
#2708 = DIRECTION ( 'NONE',  ( -0.000000000000000000, -1.000000000000000000, -0.000000000000000000 ) ) ;
#2709 = ORIENTED_EDGE ( 'NONE', *, *, #273, .T. ) ;
#2710 = ORIENTED_EDGE ( 'NONE', *, *, #3651, .T. ) ;
#2711 = VERTEX_POINT ( 'NONE', #1148 ) ;
#2712 = LINE ( 'NONE', #1818, #1546 ) ;
#2713 = DIRECTION ( 'NONE',  ( 0.000000000000000000, 0.000000000000000000, -1.000000000000000000 ) ) ;
#2714 = DIRECTION ( 'NONE',  ( -0.000000000000000000, -1.000000000000000000, -0.000000000000000000 ) ) ;
#2715 = ORIENTED_EDGE ( 'NONE', *, *, #3274, .T. ) ;
#2716 = LINE ( 'NONE', #2976, #37 ) ;
#2717 = CARTESIAN_POINT ( 'NONE',  ( 69.59999999999999432, 30.00000000000000355, -53.50000000000000000 ) ) ;
#2718 = AXIS2_PLACEMENT_3D ( 'NONE', #167, #3538, #2747 ) ;
#2719 = VECTOR ( 'NONE', #717, 1000.000000000000000 ) ;
#2720 = DIRECTION ( 'NONE',  ( 1.251344020363363486E-16, 0.000000000000000000, 1.000000000000000000 ) ) ;
#2721 = CARTESIAN_POINT ( 'NONE',  ( 69.60000000000036380, 30.00000000000000355, -16.50000000000004974 ) ) ;
#2722 = EDGE_CURVE ( 'NONE', #1474, #1980, #2309, .T. ) ;
#2723 =( GEOMETRIC_REPRESENTATION_CONTEXT ( 3 ) GLOBAL_UNCERTAINTY_ASSIGNED_CONTEXT ( ( #2812 ) ) GLOBAL_UNIT_ASSIGNED_CONTEXT ( ( #2920, #577, #41 ) ) REPRESENTATION_CONTEXT ( 'NONE', 'WORKASPACE' ) );
#2724 = AXIS2_PLACEMENT_3D ( 'NONE', #3405, #2847, #3304 ) ;
#2725 = CARTESIAN_POINT ( 'NONE',  ( 69.60000000000002274, 30.00000000000000355, -49.50000000000000000 ) ) ;
#2726 = EDGE_CURVE ( 'NONE', #95, #3023, #1431, .T. ) ;
#2727 = ORIENTED_EDGE ( 'NONE', *, *, #3592, .F. ) ;
#2728 = EDGE_CURVE ( 'NONE', #3618, #1835, #3459, .T. ) ;
#2729 = ORIENTED_EDGE ( 'NONE', *, *, #1139, .T. ) ;
#2730 = VECTOR ( 'NONE', #1505, 1000.000000000000000 ) ;
#2731 = CARTESIAN_POINT ( 'NONE',  ( 2.499170802377284769E-13, 5.000000000000000000, -29.50000000000003197 ) ) ;
#2732 = ORIENTED_EDGE ( 'NONE', *, *, #1764, .F. ) ;
#2733 = ORIENTED_EDGE ( 'NONE', *, *, #3120, .T. ) ;
#2734 = CARTESIAN_POINT ( 'NONE',  ( 1.249585401188642384E-13, 30.00000000000000355, -41.50000000000001421 ) ) ;
#2735 = CARTESIAN_POINT ( 'NONE',  ( 69.59999999999999432, 30.00000000000000355, -52.50000000000000000 ) ) ;
#2736 = LINE ( 'NONE', #1859, #3370 ) ;
#2737 = EDGE_LOOP ( 'NONE', ( #1714, #1400, #706, #778 ) ) ;
#2738 = CARTESIAN_POINT ( 'NONE',  ( 54.30000000000000426, -0.5000000000000000000, -11.00000000000000000 ) ) ;
#2739 = FACE_OUTER_BOUND ( 'NONE', #537, .T. ) ;
#2740 = VECTOR ( 'NONE', #3601, 1000.000000000000000 ) ;
#2741 = VECTOR ( 'NONE', #1011, 1000.000000000000000 ) ;
#2742 = LINE ( 'NONE', #1882, #860 ) ;
#2743 = VECTOR ( 'NONE', #3016, 1000.000000000000000 ) ;
#2744 = DIRECTION ( 'NONE',  ( -0.000000000000000000, -1.000000000000000000, -0.000000000000000000 ) ) ;
#2745 = VECTOR ( 'NONE', #539, 1000.000000000000000 ) ;
#2746 = ADVANCED_FACE ( 'NONE', ( #2608 ), #3437, .F. ) ;
#2747 = DIRECTION ( 'NONE',  ( 0.000000000000000000, -0.000000000000000000, -1.000000000000000000 ) ) ;
#2748 = ORIENTED_EDGE ( 'NONE', *, *, #841, .T. ) ;
#2749 = EDGE_LOOP ( 'NONE', ( #1010, #949, #275, #3371, #2917, #1798, #1197, #3022, #2851, #2158, #174, #1797, #180, #2277, #1679, #2869, #391, #989, #1238, #1910, #3540, #51, #13, #685, #1981, #312, #3090, #1769, #521, #1554, #427, #3362, #1201, #83, #3207, #3666, #2783, #2133, #2641, #1911, #2894, #351, #203, #1965, #1449, #371, #2020, #790, #3474, #1517, #3445, #1504, #1041, #3687, #2638, #844, #2059, #564, #406, #2671, #2752, #134, #3355, #1556, #712, #3652, #1853, #656, #1878, #3482, #606, #2415, #534, #2490, #2733, #1258 ) ) ;
#2750 = EDGE_CURVE ( 'NONE', #1821, #1795, #2032, .T. ) ;
#2751 = ORIENTED_EDGE ( 'NONE', *, *, #3275, .F. ) ;
#2752 = ORIENTED_EDGE ( 'NONE', *, *, #2499, .T. ) ;
#2753 = CARTESIAN_POINT ( 'NONE',  ( 3.123963502971605961E-14, 30.00000000000000355, -50.50000000000000000 ) ) ;
#2754 = PLANE ( 'NONE',  #650 ) ;
#2755 = EDGE_CURVE ( 'NONE', #196, #3162, #2069, .T. ) ;
#2756 = DIRECTION ( 'NONE',  ( -0.000000000000000000, -0.000000000000000000, 1.000000000000000000 ) ) ;
#2757 = ORIENTED_EDGE ( 'NONE', *, *, #217, .T. ) ;
#2758 = DIRECTION ( 'NONE',  ( -1.000000000000000000, -0.000000000000000000, -0.000000000000000000 ) ) ;
#2759 = CARTESIAN_POINT ( 'NONE',  ( 3.436359853268766178E-13, 30.00000000000000355, -20.50000000000004619 ) ) ;
#2760 = CARTESIAN_POINT ( 'NONE',  ( 69.60000000000015064, 5.000000000000000000, -38.50000000000002132 ) ) ;
#2761 = CARTESIAN_POINT ( 'NONE',  ( 0.000000000000000000, 30.00000000000000355, 0.000000000000000000 ) ) ;
#2762 = DIRECTION ( 'NONE',  ( -0.000000000000000000, 0.000000000000000000, 1.000000000000000000 ) ) ;
#2763 = ORIENTED_EDGE ( 'NONE', *, *, #2537, .T. ) ;
#2764 = ORIENTED_EDGE ( 'NONE', *, *, #2464, .F. ) ;
#2765 = ORIENTED_EDGE ( 'NONE', *, *, #2142, .F. ) ;
#2766 = VERTEX_POINT ( 'NONE', #1187 ) ;
#2767 = CARTESIAN_POINT ( 'NONE',  ( 13.20000000000046825, 4.000000000000000000, -13.89999999999999680 ) ) ;
#2768 = DIRECTION ( 'NONE',  ( -0.000000000000000000, -1.000000000000000000, -0.000000000000000000 ) ) ;
#2769 = EDGE_CURVE ( 'NONE', #2218, #2540, #1226, .T. ) ;
#2770 = DIRECTION ( 'NONE',  ( 0.000000000000000000, 0.000000000000000000, -1.000000000000000000 ) ) ;
#2771 = ORIENTED_EDGE ( 'NONE', *, *, #634, .T. ) ;
#2772 = CARTESIAN_POINT ( 'NONE',  ( 15.29499999999532101, -0.5000000000000000000, -15.19999999999999929 ) ) ;
#2773 = CARTESIAN_POINT ( 'NONE',  ( 56.40000000000046754, -0.5000000000000000000, -12.30000000000000426 ) ) ;
#2774 = EDGE_CURVE ( 'NONE', #389, #2335, #2332, .T. ) ;
#2775 = LINE ( 'NONE', #3629, #3256 ) ;
#2776 = LINE ( 'NONE', #3066, #2558 ) ;
#2777 = VECTOR ( 'NONE', #1760, 1000.000000000000000 ) ;
#2778 = VERTEX_POINT ( 'NONE', #3200 ) ;
#2779 = VECTOR ( 'NONE', #1739, 1000.000000000000000 ) ;
#2780 = ORIENTED_EDGE ( 'NONE', *, *, #2659, .F. ) ;
#2781 = VECTOR ( 'NONE', #1032, 1000.000000000000000 ) ;
#2782 = ORIENTED_EDGE ( 'NONE', *, *, #75, .T. ) ;
#2783 = ORIENTED_EDGE ( 'NONE', *, *, #2848, .T. ) ;
#2784 = DIRECTION ( 'NONE',  ( -0.000000000000000000, -0.000000000000000000, -1.000000000000000000 ) ) ;
#2785 = DIRECTION ( 'NONE',  ( -1.000000000000000000, -0.000000000000000000, -0.000000000000000000 ) ) ;
#2786 = VECTOR ( 'NONE', #2700, 1000.000000000000000 ) ;
#2787 = EDGE_CURVE ( 'NONE', #1473, #1478, #3476, .T. ) ;
#2788 = DIRECTION ( 'NONE',  ( -0.000000000000000000, -0.000000000000000000, -1.000000000000000000 ) ) ;
#2789 = EDGE_LOOP ( 'NONE', ( #1668, #3377, #139, #2984 ) ) ;
#2790 = CARTESIAN_POINT ( 'NONE',  ( 11.09500000000000419, 0.000000000000000000, 0.000000000000000000 ) ) ;
#2791 = DIRECTION ( 'NONE',  ( 0.000000000000000000, 0.000000000000000000, 1.000000000000000000 ) ) ;
#2792 = EDGE_CURVE ( 'NONE', #1698, #331, #2924, .T. ) ;
#2793 = PLANE ( 'NONE',  #1646 ) ;
#2794 = CARTESIAN_POINT ( 'NONE',  ( 1.563233095506166199E-13, 5.000000000000000000, -37.50000000000002132 ) ) ;
#2795 = VECTOR ( 'NONE', #413, 1000.000000000000000 ) ;
#2796 = ADVANCED_FACE ( 'NONE', ( #658 ), #2846, .F. ) ;
#2797 = CARTESIAN_POINT ( 'NONE',  ( 0.000000000000000000, 5.000000000000000000, 0.000000000000000000 ) ) ;
#2798 = VECTOR ( 'NONE', #237, 1000.000000000000000 ) ;
#2799 = VECTOR ( 'NONE', #688, 1000.000000000000000 ) ;
#2800 = VERTEX_POINT ( 'NONE', #420 ) ;
#2801 = ORIENTED_EDGE ( 'NONE', *, *, #2997, .T. ) ;
#2802 = VERTEX_POINT ( 'NONE', #695 ) ;
#2803 = CARTESIAN_POINT ( 'NONE',  ( 0.000000000000000000, 5.000000000000000000, 0.000000000000000000 ) ) ;
#2804 = LINE ( 'NONE', #3655, #1015 ) ;
#2805 = DIRECTION ( 'NONE',  ( -0.000000000000000000, -1.000000000000000000, -0.000000000000000000 ) ) ;
#2806 = ORIENTED_EDGE ( 'NONE', *, *, #1013, .T. ) ;
#2807 = CARTESIAN_POINT ( 'NONE',  ( 69.60000000000022169, 5.000000000000000000, -32.50000000000002842 ) ) ;
#2808 = DIRECTION ( 'NONE',  ( -0.000000000000000000, -0.000000000000000000, -1.000000000000000000 ) ) ;
#2809 = CARTESIAN_POINT ( 'NONE',  ( 0.000000000000000000, 5.000000000000000000, -41.50000000000001421 ) ) ;
#2810 = CARTESIAN_POINT ( 'NONE',  ( 0.000000000000000000, 5.000000000000000000, -10.50000000000005862 ) ) ;
#2811 = ADVANCED_FACE ( 'NONE', ( #1805 ), #3573, .F. ) ;
#2812 = UNCERTAINTY_MEASURE_WITH_UNIT (LENGTH_MEASURE( 1.000000000000000082E-05 ), #2920, 'distance_accuracy_value', 'NONE');
#2813 = LINE ( 'NONE', #3419, #266 ) ;
#2814 = ADVANCED_FACE ( 'NONE', ( #2146 ), #3259, .F. ) ;
#2815 = ORIENTED_EDGE ( 'NONE', *, *, #1306, .F. ) ;
#2816 = ORIENTED_EDGE ( 'NONE', *, *, #2414, .T. ) ;
#2817 = VERTEX_POINT ( 'NONE', #2717 ) ;
#2818 = DIRECTION ( 'NONE',  ( 0.000000000000000000, 0.000000000000000000, -1.000000000000000000 ) ) ;
#2819 = DIRECTION ( 'NONE',  ( 1.000000000000000000, 0.000000000000000000, 0.000000000000000000 ) ) ;
#2820 = ORIENTED_EDGE ( 'NONE', *, *, #2728, .T. ) ;
#2821 = FACE_OUTER_BOUND ( 'NONE', #1914, .T. ) ;
#2822 = CARTESIAN_POINT ( 'NONE',  ( 69.59999999999999432, 5.000000000000000000, -43.50000000000001421 ) ) ;
#2823 = LINE ( 'NONE', #2532, #2065 ) ;
#2824 = FACE_OUTER_BOUND ( 'NONE', #2412, .T. ) ;
#2825 = PLANE ( 'NONE',  #1785 ) ;
#2826 = FACE_OUTER_BOUND ( 'NONE', #1924, .T. ) ;
#2827 = ADVANCED_FACE ( 'NONE', ( #2739 ), #1880, .F. ) ;
#2828 = VECTOR ( 'NONE', #1766, 1000.000000000000000 ) ;
#2829 = ORIENTED_EDGE ( 'NONE', *, *, #1757, .F. ) ;
#2830 = EDGE_CURVE ( 'NONE', #827, #2469, #2701, .T. ) ;
#2831 = AXIS2_PLACEMENT_3D ( 'NONE', #3548, #2679, #1596 ) ;
#2832 = EDGE_CURVE ( 'NONE', #593, #971, #3297, .T. ) ;
#2833 = ORIENTED_EDGE ( 'NONE', *, *, #639, .F. ) ;
#2834 = ORIENTED_EDGE ( 'NONE', *, *, #3472, .T. ) ;
#2835 = CARTESIAN_POINT ( 'NONE',  ( 1.561981751485802854E-13, 5.000000000000000000, -38.50000000000002132 ) ) ;
#2836 = CIRCLE ( 'NONE', #689, 0.7999999999999882760 ) ;
#2837 = EDGE_CURVE ( 'NONE', #2296, #1609, #1303, .T. ) ;
#2838 = DIRECTION ( 'NONE',  ( 0.000000000000000000, 0.000000000000000000, -1.000000000000000000 ) ) ;
#2839 = AXIS2_PLACEMENT_3D ( 'NONE', #2308, #3475, #879 ) ;
#2840 = ORIENTED_EDGE ( 'NONE', *, *, #715, .T. ) ;
#2841 = CARTESIAN_POINT ( 'NONE',  ( 3.748756203565927153E-13, 30.00000000000000355, -17.50000000000004974 ) ) ;
#2842 = CARTESIAN_POINT ( 'NONE',  ( 69.60000000000046327, 30.00000000000000355, -8.500000000000063949 ) ) ;
#2843 = DIRECTION ( 'NONE',  ( -0.000000000000000000, -1.000000000000000000, -0.000000000000000000 ) ) ;
#2844 = CARTESIAN_POINT ( 'NONE',  ( 11.09500000000000419, -0.5000000000000000000, -44.00000000000000000 ) ) ;
#2845 = DIRECTION ( 'NONE',  ( -1.000000000000000000, 0.000000000000000000, -0.000000000000000000 ) ) ;
#2846 = PLANE ( 'NONE',  #820 ) ;
#2847 = DIRECTION ( 'NONE',  ( 0.000000000000000000, 0.000000000000000000, 1.000000000000000000 ) ) ;
#2848 = EDGE_CURVE ( 'NONE', #2540, #240, #453, .T. ) ;
#2849 = ORIENTED_EDGE ( 'NONE', *, *, #2688, .F. ) ;
#2850 = AXIS2_PLACEMENT_3D ( 'NONE', #3639, #1929, #725 ) ;
#2851 = ORIENTED_EDGE ( 'NONE', *, *, #1131, .T. ) ;
#2852 = ORIENTED_EDGE ( 'NONE', *, *, #1545, .T. ) ;
#2853 = VECTOR ( 'NONE', #1464, 1000.000000000000000 ) ;
#2854 = DIRECTION ( 'NONE',  ( 1.000000000000000000, 0.000000000000000000, 0.000000000000000000 ) ) ;
#2855 = EDGE_CURVE ( 'NONE', #1310, #1733, #1843, .T. ) ;
#2856 = ORIENTED_EDGE ( 'NONE', *, *, #3274, .F. ) ;
#2857 = AXIS2_PLACEMENT_3D ( 'NONE', #2602, #40, #1182 ) ;
#2858 = LINE ( 'NONE', #293, #1529 ) ;
#2859 = ORIENTED_EDGE ( 'NONE', *, *, #2942, .F. ) ;
#2860 = LINE ( 'NONE', #295, #945 ) ;
#2861 = DIRECTION ( 'NONE',  ( -1.000000000000000000, -0.000000000000000000, -0.000000000000000000 ) ) ;
#2862 = EDGE_CURVE ( 'NONE', #2076, #2778, #1968, .T. ) ;
#2863 = FACE_OUTER_BOUND ( 'NONE', #2189, .T. ) ;
#2864 = LINE ( 'NONE', #1462, #2777 ) ;
#2865 = PLANE ( 'NONE',  #2839 ) ;
#2866 = DIRECTION ( 'NONE',  ( -0.000000000000000000, -1.000000000000000000, -0.000000000000000000 ) ) ;
#2867 = CARTESIAN_POINT ( 'NONE',  ( 3.436359853268766178E-13, 5.000000000000000000, -20.50000000000004619 ) ) ;
#2868 = DIRECTION ( 'NONE',  ( 0.000000000000000000, 0.000000000000000000, -1.000000000000000000 ) ) ;
#2869 = ORIENTED_EDGE ( 'NONE', *, *, #146, .F. ) ;
#2870 = DIRECTION ( 'NONE',  ( -1.000000000000000000, -0.000000000000000000, -0.000000000000000000 ) ) ;
#2871 = ORIENTED_EDGE ( 'NONE', *, *, #1415, .F. ) ;
#2872 = LINE ( 'NONE', #308, #2618 ) ;
#2873 = ORIENTED_EDGE ( 'NONE', *, *, #150, .T. ) ;
#2874 = ORIENTED_EDGE ( 'NONE', *, *, #614, .T. ) ;
#2875 = CARTESIAN_POINT ( 'NONE',  ( 5.310737955051730007E-13, 5.000000000000000000, -2.500000000000071498 ) ) ;
#2876 = EDGE_CURVE ( 'NONE', #3372, #2400, #3518, .T. ) ;
#2877 = ORIENTED_EDGE ( 'NONE', *, *, #121, .T. ) ;
#2878 = CARTESIAN_POINT ( 'NONE',  ( 4.373548904160248093E-13, 5.000000000000000000, -11.50000000000005862 ) ) ;
#2879 = DIRECTION ( 'NONE',  ( -0.000000000000000000, -1.000000000000000000, -0.000000000000000000 ) ) ;
#2880 = EDGE_CURVE ( 'NONE', #2817, #777, #435, .T. ) ;
#2881 = DIRECTION ( 'NONE',  ( 0.000000000000000000, -0.000000000000000000, -1.000000000000000000 ) ) ;
#2882 = CARTESIAN_POINT ( 'NONE',  ( 5.311989299072093857E-13, 30.00000000000000355, -1.500000000000070610 ) ) ;
#2883 = LINE ( 'NONE', #617, #3387 ) ;
#2884 = DIRECTION ( 'NONE',  ( 0.000000000000000000, -0.000000000000000000, 1.000000000000000000 ) ) ;
#2885 = LINE ( 'NONE', #621, #1366 ) ;
#2886 = ORIENTED_EDGE ( 'NONE', *, *, #341, .F. ) ;
#2887 = CARTESIAN_POINT ( 'NONE',  ( 56.40000000000000568, -0.5000000000000000000, -42.69999999999999574 ) ) ;
#2888 = ORIENTED_EDGE ( 'NONE', *, *, #609, .F. ) ;
#2889 = LINE ( 'NONE', #328, #2509 ) ;
#2890 = ORIENTED_EDGE ( 'NONE', *, *, #2390, .F. ) ;
#2891 = AXIS2_PLACEMENT_3D ( 'NONE', #1444, #1127, #2606 ) ;
#2892 = VERTEX_POINT ( 'NONE', #997 ) ;
#2893 = FACE_OUTER_BOUND ( 'NONE', #1484, .T. ) ;
#2894 = ORIENTED_EDGE ( 'NONE', *, *, #2947, .T. ) ;
#2895 = CARTESIAN_POINT ( 'NONE',  ( 0.000000000000000000, 5.000000000000000000, 0.000000000000000000 ) ) ;
#2896 = CARTESIAN_POINT ( 'NONE',  ( 0.000000000000000000, 5.000000000000000000, 0.000000000000000000 ) ) ;
#2897 = ADVANCED_FACE ( 'NONE', ( #1599 ), #1578, .F. ) ;
#2898 = AXIS2_PLACEMENT_3D ( 'NONE', #3293, #1840, #2974 ) ;
#2899 = CARTESIAN_POINT ( 'NONE',  ( 69.60000000000027853, 30.00000000000000355, -26.50000000000003908 ) ) ;
#2900 = FACE_OUTER_BOUND ( 'NONE', #2116, .T. ) ;
#2901 = PLANE ( 'NONE',  #2010 ) ;
#2902 = DIRECTION ( 'NONE',  ( -0.000000000000000000, 1.000000000000000000, -0.000000000000000000 ) ) ;
#2903 = AXIS2_PLACEMENT_3D ( 'NONE', #143, #1900, #2480 ) ;
#2904 = EDGE_CURVE ( 'NONE', #2318, #1199, #3591, .T. ) ;
#2905 = LINE ( 'NONE', #2371, #1834 ) ;
#2906 = LINE ( 'NONE', #343, #2238 ) ;
#2907 = DIRECTION ( 'NONE',  ( -0.000000000000000000, -1.000000000000000000, -0.000000000000000000 ) ) ;
#2908 = VERTEX_POINT ( 'NONE', #3552 ) ;
#2909 = EDGE_CURVE ( 'NONE', #271, #2800, #2181, .T. ) ;
#2910 = LINE ( 'NONE', #1253, #262 ) ;
#2911 = ORIENTED_EDGE ( 'NONE', *, *, #2482, .T. ) ;
#2912 = CARTESIAN_POINT ( 'NONE',  ( 0.000000000000000000, 5.000000000000000000, -23.50000000000004263 ) ) ;
#2913 = AXIS2_PLACEMENT_3D ( 'NONE', #1665, #1645, #226 ) ;
#2914 = VERTEX_POINT ( 'NONE', #1823 ) ;
#2915 = ORIENTED_EDGE ( 'NONE', *, *, #733, .F. ) ;
#2916 = VECTOR ( 'NONE', #141, 1000.000000000000000 ) ;
#2917 = ORIENTED_EDGE ( 'NONE', *, *, #859, .T. ) ;
#2918 = PLANE ( 'NONE',  #2383 ) ;
#2919 = DIRECTION ( 'NONE',  ( -0.000000000000000000, 1.000000000000000000, -0.000000000000000000 ) ) ;
#2920 =( LENGTH_UNIT ( ) NAMED_UNIT ( * ) SI_UNIT ( .MILLI., .METRE. ) );
#2921 = ORIENTED_EDGE ( 'NONE', *, *, #1242, .F. ) ;
#2922 = FACE_OUTER_BOUND ( 'NONE', #3480, .T. ) ;
#2923 = VECTOR ( 'NONE', #1773, 1000.000000000000000 ) ;
#2924 = LINE ( 'NONE', #3222, #2447 ) ;
#2925 = DIRECTION ( 'NONE',  ( 0.8637789008984314565, -0.5038710255240895775, 0.000000000000000000 ) ) ;
#2926 = CARTESIAN_POINT ( 'NONE',  ( 69.60000000000033538, 5.000000000000000000, -20.50000000000004619 ) ) ;
#2927 = EDGE_CURVE ( 'NONE', #494, #652, #401, .T. ) ;
#2928 = PLANE ( 'NONE',  #386 ) ;
#2929 = EDGE_CURVE ( 'NONE', #1609, #445, #1265, .T. ) ;
#2930 = EDGE_LOOP ( 'NONE', ( #60, #3544, #2315, #1243 ) ) ;
#2931 = VERTEX_POINT ( 'NONE', #2125 ) ;
#2932 = ORIENTED_EDGE ( 'NONE', *, *, #2653, .F. ) ;
#2933 = VERTEX_POINT ( 'NONE', #1899 ) ;
#2934 = DIRECTION ( 'NONE',  ( -0.000000000000000000, -1.000000000000000000, -0.000000000000000000 ) ) ;
#2935 = CARTESIAN_POINT ( 'NONE',  ( 13.20000000000046825, -0.5000000000000000000, -12.30000000000000604 ) ) ;
#2936 = DIRECTION ( 'NONE',  ( -0.000000000000000000, 1.000000000000000000, -0.000000000000000000 ) ) ;
#2937 = VERTEX_POINT ( 'NONE', #3349 ) ;
#2938 = FACE_OUTER_BOUND ( 'NONE', #2598, .T. ) ;
#2939 = CARTESIAN_POINT ( 'NONE',  ( 0.000000000000000000, 5.000000000000000000, 0.000000000000000000 ) ) ;
#2940 = FACE_OUTER_BOUND ( 'NONE', #461, .T. ) ;
#2941 = CARTESIAN_POINT ( 'NONE',  ( 15.29499999999998927, -0.5000000000000000000, 6.317284658348865139E-15 ) ) ;
#2942 = EDGE_CURVE ( 'NONE', #833, #1928, #1954, .T. ) ;
#2943 = LINE ( 'NONE', #2375, #1885 ) ;
#2944 = VERTEX_POINT ( 'NONE', #2822 ) ;
#2945 = CARTESIAN_POINT ( 'NONE',  ( 1.563233095506166199E-13, 30.00000000000000355, -37.50000000000002132 ) ) ;
#2946 = ORIENTED_EDGE ( 'NONE', *, *, #2342, .F. ) ;
#2947 = EDGE_CURVE ( 'NONE', #3248, #1782, #3081, .T. ) ;
#2948 = EDGE_CURVE ( 'NONE', #2139, #591, #2531, .T. ) ;
#2949 = ORIENTED_EDGE ( 'NONE', *, *, #3635, .T. ) ;
#2950 = VERTEX_POINT ( 'NONE', #3030 ) ;
#2951 = CARTESIAN_POINT ( 'NONE',  ( 17.29500000000000526, -3.000000000000000000, -11.09999999999999964 ) ) ;
#2952 = CARTESIAN_POINT ( 'NONE',  ( 69.60000000000032117, 30.00000000000000355, -22.50000000000003908 ) ) ;
#2953 = VECTOR ( 'NONE', #2188, 1000.000000000000000 ) ;
#2954 = EDGE_CURVE ( 'NONE', #2297, #1440, #503, .T. ) ;
#2955 = DIRECTION ( 'NONE',  ( 1.000000000000000000, 0.000000000000000000, 0.000000000000000000 ) ) ;
#2956 = ORIENTED_EDGE ( 'NONE', *, *, #2272, .F. ) ;
#2957 = FACE_OUTER_BOUND ( 'NONE', #1749, .T. ) ;
#2958 = CARTESIAN_POINT ( 'NONE',  ( 0.000000000000000000, 30.00000000000000355, -53.50000000000000000 ) ) ;
#2959 = AXIS2_PLACEMENT_3D ( 'NONE', #832, #2805, #3623 ) ;
#2960 = CARTESIAN_POINT ( 'NONE',  ( 15.29499999999532101, 0.000000000000000000, -11.00000000000000000 ) ) ;
#2961 = DIRECTION ( 'NONE',  ( 0.000000000000000000, -0.000000000000000000, 1.000000000000000000 ) ) ;
#2962 = VECTOR ( 'NONE', #1543, 1000.000000000000114 ) ;
#2963 = CARTESIAN_POINT ( 'NONE',  ( 0.000000000000000000, 5.000000000000000000, 0.000000000000000000 ) ) ;
#2964 = ORIENTED_EDGE ( 'NONE', *, *, #1395, .T. ) ;
#2965 = PLANE ( 'NONE',  #1000 ) ;
#2966 = EDGE_LOOP ( 'NONE', ( #1542, #3352, #1754, #869 ) ) ;
#2967 = ORIENTED_EDGE ( 'NONE', *, *, #3078, .T. ) ;
#2968 = ORIENTED_EDGE ( 'NONE', *, *, #1540, .F. ) ;
#2969 = CARTESIAN_POINT ( 'NONE',  ( 69.59999999999999432, 5.000000000000000000, 0.000000000000000000 ) ) ;
#2970 = VECTOR ( 'NONE', #2675, 1000.000000000000000 ) ;
#2971 = DIRECTION ( 'NONE',  ( 0.000000000000000000, 0.000000000000000000, 1.000000000000000000 ) ) ;
#2972 = EDGE_CURVE ( 'NONE', #3469, #3372, #1935, .T. ) ;
#2973 = VECTOR ( 'NONE', #1867, 1000.000000000000000 ) ;
#2974 = DIRECTION ( 'NONE',  ( 0.000000000000000000, 0.000000000000000000, -1.000000000000000000 ) ) ;
#2975 = ORIENTED_EDGE ( 'NONE', *, *, #2317, .T. ) ;
#2976 = CARTESIAN_POINT ( 'NONE',  ( 69.60000000000006537, 30.00000000000000355, -46.50000000000000711 ) ) ;
#2977 = CARTESIAN_POINT ( 'NONE',  ( 56.40000000000000568, 4.000000000000000000, -41.89999999999999858 ) ) ;
#2978 = ADVANCED_FACE ( 'NONE', ( #3659 ), #3606, .F. ) ;
#2979 = AXIS2_PLACEMENT_3D ( 'NONE', #1838, #2971, #2697 ) ;
#2980 = CARTESIAN_POINT ( 'NONE',  ( 56.40000000000046754, -0.5000000000000000000, -13.89999999999999325 ) ) ;
#2981 = VECTOR ( 'NONE', #1852, 1000.000000000000000 ) ;
#2982 = PLANE ( 'NONE',  #52 ) ;
#2983 = CARTESIAN_POINT ( 'NONE',  ( 69.60000000000046327, 30.00000000000000355, -7.500000000000062172 ) ) ;
#2984 = ORIENTED_EDGE ( 'NONE', *, *, #1060, .T. ) ;
#2985 = DIRECTION ( 'NONE',  ( -1.000000000000000000, -0.000000000000000000, -0.000000000000000000 ) ) ;
#2986 = ORIENTED_EDGE ( 'NONE', *, *, #3501, .T. ) ;
#2987 = ORIENTED_EDGE ( 'NONE', *, *, #683, .T. ) ;
#2988 = ORIENTED_EDGE ( 'NONE', *, *, #2659, .T. ) ;
#2989 = LINE ( 'NONE', #430, #467 ) ;
#2990 = CARTESIAN_POINT ( 'NONE',  ( 58.50000000000000000, -0.5000000000000000000, 0.000000000000000000 ) ) ;
#2991 = EDGE_CURVE ( 'NONE', #28, #429, #3331, .T. ) ;
#2992 = FACE_OUTER_BOUND ( 'NONE', #2695, .T. ) ;
#2993 = ORIENTED_EDGE ( 'NONE', *, *, #1908, .T. ) ;
#2994 = CARTESIAN_POINT ( 'NONE',  ( 4.998341604754569538E-13, 30.00000000000000355, -5.500000000000067502 ) ) ;
#2995 = DIRECTION ( 'NONE',  ( -0.000000000000000000, -1.000000000000000000, -0.000000000000000000 ) ) ;
#2996 = EDGE_CURVE ( 'NONE', #2242, #724, #247, .T. ) ;
#2997 = EDGE_CURVE ( 'NONE', #2802, #2218, #1123, .T. ) ;
#2998 = DIRECTION ( 'NONE',  ( 0.000000000000000000, 0.000000000000000000, -1.000000000000000000 ) ) ;
#2999 = CARTESIAN_POINT ( 'NONE',  ( 0.000000000000000000, 5.000000000000000000, -4.500000000000066613 ) ) ;
#3000 = PLANE ( 'NONE',  #2718 ) ;
#3001 = VERTEX_POINT ( 'NONE', #1090 ) ;
#3002 = ORIENTED_EDGE ( 'NONE', *, *, #1832, .T. ) ;
#3003 = EDGE_LOOP ( 'NONE', ( #2042, #2594, #3107, #2282 ) ) ;
#3004 = ORIENTED_EDGE ( 'NONE', *, *, #1908, .F. ) ;
#3005 = FACE_OUTER_BOUND ( 'NONE', #722, .T. ) ;
#3006 = DIRECTION ( 'NONE',  ( 0.000000000000000000, -0.000000000000000000, -1.000000000000000000 ) ) ;
#3007 = LINE ( 'NONE', #2121, #1413 ) ;
#3008 = LINE ( 'NONE', #138, #2661 ) ;
#3009 = VERTEX_POINT ( 'NONE', #1652 ) ;
#3010 = DIRECTION ( 'NONE',  ( 0.000000000000000000, 0.000000000000000000, -1.000000000000000000 ) ) ;
#3011 = DIRECTION ( 'NONE',  ( -1.000000000000000000, -0.000000000000000000, -0.000000000000000000 ) ) ;
#3012 = CIRCLE ( 'NONE', #2186, 0.7999999999999882760 ) ;
#3013 = ADVANCED_FACE ( 'NONE', ( #3379 ), #2234, .F. ) ;
#3014 = AXIS2_PLACEMENT_3D ( 'NONE', #2666, #1507, #2392 ) ;
#3015 = DIRECTION ( 'NONE',  ( -0.000000000000000000, -1.000000000000000000, -0.000000000000000000 ) ) ;
#3016 = DIRECTION ( 'NONE',  ( -0.000000000000000000, -1.000000000000000000, -0.000000000000000000 ) ) ;
#3017 = ADVANCED_FACE ( 'NONE', ( #523 ), #1619, .F. ) ;
#3018 = AXIS2_PLACEMENT_3D ( 'NONE', #1150, #2256, #3582 ) ;
#3019 = FACE_OUTER_BOUND ( 'NONE', #2451, .T. ) ;
#3020 = ORIENTED_EDGE ( 'NONE', *, *, #1078, .T. ) ;
#3021 = EDGE_CURVE ( 'NONE', #2399, #2355, #198, .T. ) ;
#3022 = ORIENTED_EDGE ( 'NONE', *, *, #2929, .F. ) ;
#3023 = VERTEX_POINT ( 'NONE', #1407 ) ;
#3024 = VERTEX_POINT ( 'NONE', #1973 ) ;
#3025 = FACE_OUTER_BOUND ( 'NONE', #1374, .T. ) ;
#3026 = LINE ( 'NONE', #1930, #1193 ) ;
#3027 = CARTESIAN_POINT ( 'NONE',  ( 56.40000000000000568, -0.5000000000000014433, -42.69999999999998863 ) ) ;
#3028 = ORIENTED_EDGE ( 'NONE', *, *, #2369, .T. ) ;
#3029 = CARTESIAN_POINT ( 'NONE',  ( 58.50000000000000000, 0.000000000000000000, -11.00000000000000000 ) ) ;
#3030 = CARTESIAN_POINT ( 'NONE',  ( 0.000000000000000000, 5.000000000000000000, -44.50000000000001421 ) ) ;
#3031 = AXIS2_PLACEMENT_3D ( 'NONE', #2841, #2045, #3133 ) ;
#3032 = CARTESIAN_POINT ( 'NONE',  ( 0.000000000000000000, 5.000000000000000000, 0.000000000000000000 ) ) ;
#3033 = VECTOR ( 'NONE', #1784, 1000.000000000000000 ) ;
#3034 = CARTESIAN_POINT ( 'NONE',  ( 0.000000000000000000, 5.000000000000000000, -53.50000000000000000 ) ) ;
#3035 = VECTOR ( 'NONE', #473, 1000.000000000000000 ) ;
#3036 = EDGE_CURVE ( 'NONE', #3396, #586, #2626, .T. ) ;
#3037 = FACE_OUTER_BOUND ( 'NONE', #2179, .T. ) ;
#3038 = VERTEX_POINT ( 'NONE', #3644 ) ;
#3039 = ORIENTED_EDGE ( 'NONE', *, *, #251, .F. ) ;
#3040 = EDGE_CURVE ( 'NONE', #3396, #1349, #1635, .T. ) ;
#3041 = ORIENTED_EDGE ( 'NONE', *, *, #3487, .T. ) ;
#3042 = VERTEX_POINT ( 'NONE', #750 ) ;
#3043 = CARTESIAN_POINT ( 'NONE',  ( 0.000000000000000000, 5.000000000000000000, 0.000000000000000000 ) ) ;
#3044 = PLANE ( 'NONE',  #2913 ) ;
#3045 = DIRECTION ( 'NONE',  ( -0.000000000000000000, -1.000000000000000000, -0.000000000000000000 ) ) ;
#3046 = ORIENTED_EDGE ( 'NONE', *, *, #217, .F. ) ;
#3047 = CARTESIAN_POINT ( 'NONE',  ( 0.000000000000000000, 5.000000000000000000, 0.000000000000000000 ) ) ;
#3048 = CARTESIAN_POINT ( 'NONE',  ( 3.436359853268766178E-13, 30.00000000000000355, -20.50000000000004619 ) ) ;
#3049 = CARTESIAN_POINT ( 'NONE',  ( 2.188025796100487644E-13, 30.00000000000000355, -31.50000000000002842 ) ) ;
#3050 = CARTESIAN_POINT ( 'NONE',  ( 69.60000000000033538, 30.00000000000000355, -20.50000000000004619 ) ) ;
#3051 = DIRECTION ( 'NONE',  ( -0.000000000000000000, -0.000000000000000000, -1.000000000000000000 ) ) ;
#3052 = EDGE_LOOP ( 'NONE', ( #849, #3563, #3234, #2993 ) ) ;
#3053 = EDGE_CURVE ( 'NONE', #2416, #2421, #1358, .T. ) ;
#3054 = ORIENTED_EDGE ( 'NONE', *, *, #2702, .T. ) ;
#3055 = EDGE_LOOP ( 'NONE', ( #2159, #2488, #1435, #1576 ) ) ;
#3056 = VERTEX_POINT ( 'NONE', #1053 ) ;
#3057 = LINE ( 'NONE', #1644, #3140 ) ;
#3058 = CARTESIAN_POINT ( 'NONE',  ( 1.249585401188642384E-13, 30.00000000000000355, -41.50000000000001421 ) ) ;
#3059 = EDGE_CURVE ( 'NONE', #929, #665, #1074, .T. ) ;
#3060 = DIRECTION ( 'NONE',  ( 1.000000000000000000, 0.000000000000000000, 1.652117596168387361E-15 ) ) ;
#3061 = VERTEX_POINT ( 'NONE', #1204 ) ;
#3062 = CARTESIAN_POINT ( 'NONE',  ( 6.247927005943211922E-14, 30.00000000000000355, -47.50000000000000711 ) ) ;
#3063 = DIRECTION ( 'NONE',  ( 0.4499770425732599333, 0.7713892158398671928, 0.4499770425732599333 ) ) ;
#3064 = EDGE_CURVE ( 'NONE', #3596, #1329, #1143, .T. ) ;
#3065 = LINE ( 'NONE', #804, #3549 ) ;
#3066 = CARTESIAN_POINT ( 'NONE',  ( 4.685945254457409068E-13, 30.00000000000000355, -8.500000000000063949 ) ) ;
#3067 = VECTOR ( 'NONE', #2007, 1000.000000000000000 ) ;
#3068 = CARTESIAN_POINT ( 'NONE',  ( 58.50000000000000000, -0.5000000000000000000, -44.00000000000000000 ) ) ;
#3069 = VECTOR ( 'NONE', #2720, 1000.000000000000000 ) ;
#3070 = ORIENTED_EDGE ( 'NONE', *, *, #1881, .F. ) ;
#3071 = VECTOR ( 'NONE', #3477, 1000.000000000000000 ) ;
#3072 = VERTEX_POINT ( 'NONE', #2842 ) ;
#3073 = ORIENTED_EDGE ( 'NONE', *, *, #3671, .T. ) ;
#3074 = CARTESIAN_POINT ( 'NONE',  ( 69.60000000000002274, 30.00000000000000355, -49.50000000000000000 ) ) ;
#3075 = CARTESIAN_POINT ( 'NONE',  ( 3.123963502971605961E-14, 30.00000000000000355, -50.50000000000000000 ) ) ;
#3076 = VECTOR ( 'NONE', #522, 1000.000000000000000 ) ;
#3077 = CARTESIAN_POINT ( 'NONE',  ( 69.59999999999999432, 5.000000000000000000, 0.000000000000000000 ) ) ;
#3078 = EDGE_CURVE ( 'NONE', #239, #3668, #2304, .T. ) ;
#3079 = ORIENTED_EDGE ( 'NONE', *, *, #2142, .T. ) ;
#3080 = LINE ( 'NONE', #799, #1472 ) ;
#3081 = LINE ( 'NONE', #2220, #352 ) ;
#3082 = DIRECTION ( 'NONE',  ( -1.000000000000000000, -0.000000000000000000, -0.000000000000000000 ) ) ;
#3083 = EDGE_CURVE ( 'NONE', #1063, #2232, #2346, .T. ) ;
#3084 = CARTESIAN_POINT ( 'NONE',  ( 13.19999999999999929, 4.000000000000000000, -41.09999999999999432 ) ) ;
#3085 = AXIS2_PLACEMENT_3D ( 'NONE', #49, #109, #1229 ) ;
#3086 = LINE ( 'NONE', #882, #34 ) ;
#3087 = VECTOR ( 'NONE', #319, 1000.000000000000000 ) ;
#3088 = VECTOR ( 'NONE', #1539, 1000.000000000000000 ) ;
#3089 = VERTEX_POINT ( 'NONE', #1442 ) ;
#3090 = ORIENTED_EDGE ( 'NONE', *, *, #372, .F. ) ;
#3091 = VECTOR ( 'NONE', #2708, 1000.000000000000000 ) ;
#3092 = ORIENTED_EDGE ( 'NONE', *, *, #238, .T. ) ;
#3093 = LINE ( 'NONE', #1680, #1851 ) ;
#3094 = ADVANCED_BREP_SHAPE_REPRESENTATION ( 'heatsink', ( #806, #2630 ), #3209 ) ;
#3095 = DIRECTION ( 'NONE',  ( -1.000000000000000000, -0.000000000000000000, -0.000000000000000000 ) ) ;
#3096 = ORIENTED_EDGE ( 'NONE', *, *, #1403, .F. ) ;
#3097 = DIRECTION ( 'NONE',  ( -0.000000000000000000, -1.000000000000000000, -0.000000000000000000 ) ) ;
#3098 = CARTESIAN_POINT ( 'NONE',  ( 56.40000000000046754, 4.000000000000000000, -13.09999999999999964 ) ) ;
#3099 = EDGE_CURVE ( 'NONE', #361, #1440, #3113, .T. ) ;
#3100 = LINE ( 'NONE', #1958, #1352 ) ;
#3101 = DIRECTION ( 'NONE',  ( 1.000000000000000000, 0.000000000000000000, -0.000000000000000000 ) ) ;
#3102 = EDGE_CURVE ( 'NONE', #1718, #704, #3134, .T. ) ;
#3103 = ADVANCED_FACE ( 'NONE', ( #2284 ), #1458, .F. ) ;
#3104 = CARTESIAN_POINT ( 'NONE',  ( 1.251344020363393808E-16, 30.00000000000000355, -52.50000000000000000 ) ) ;
#3105 = EDGE_LOOP ( 'NONE', ( #1996, #2956, #3073, #775 ) ) ;
#3106 = ADVANCED_FACE ( 'NONE', ( #3433 ), #1425, .F. ) ;
#3107 = ORIENTED_EDGE ( 'NONE', *, *, #1242, .T. ) ;
#3108 = VERTEX_POINT ( 'NONE', #3455 ) ;
#3109 = CARTESIAN_POINT ( 'NONE',  ( 15.29500000000000703, -0.5000000000000000000, -44.00000000000000000 ) ) ;
#3110 = DIRECTION ( 'NONE',  ( -0.000000000000000000, -1.000000000000000000, -0.000000000000000000 ) ) ;
#3111 = EDGE_LOOP ( 'NONE', ( #2058, #1121, #792 ) ) ;
#3112 = DIRECTION ( 'NONE',  ( -0.000000000000000000, -1.000000000000000000, -0.000000000000000000 ) ) ;
#3113 = LINE ( 'NONE', #3471, #285 ) ;
#3114 = LINE ( 'NONE', #554, #3609 ) ;
#3115 = CARTESIAN_POINT ( 'NONE',  ( 11.09500000000000419, -0.5000000000000000000, 0.000000000000000000 ) ) ;
#3116 = PLANE ( 'NONE',  #2434 ) ;
#3117 = DIRECTION ( 'NONE',  ( 1.000000000000000000, 0.000000000000000000, 0.000000000000000000 ) ) ;
#3118 = EDGE_CURVE ( 'NONE', #1511, #501, #3193, .T. ) ;
#3119 = CARTESIAN_POINT ( 'NONE',  ( 69.60000000000022169, 30.00000000000000355, -32.50000000000002842 ) ) ;
#3120 = EDGE_CURVE ( 'NONE', #2655, #3571, #5, .T. ) ;
#3121 = VECTOR ( 'NONE', #306, 1000.000000000000000 ) ;
#3122 = ORIENTED_EDGE ( 'NONE', *, *, #1815, .T. ) ;
#3123 = VECTOR ( 'NONE', #957, 1000.000000000000000 ) ;
#3124 = ORIENTED_EDGE ( 'NONE', *, *, #3501, .F. ) ;
#3125 = EDGE_CURVE ( 'NONE', #3285, #2138, #553, .T. ) ;
#3126 = ORIENTED_EDGE ( 'NONE', *, *, #2266, .T. ) ;
#3127 = LINE ( 'NONE', #1436, #466 ) ;
#3128 = ORIENTED_EDGE ( 'NONE', *, *, #2295, .F. ) ;
#3129 = CIRCLE ( 'NONE', #1169, 0.8000000000000020428 ) ;
#3130 = CARTESIAN_POINT ( 'NONE',  ( 4.061152553863087623E-13, 30.00000000000000355, -14.50000000000005507 ) ) ;
#3131 = VECTOR ( 'NONE', #1523, 1000.000000000000000 ) ;
#3132 = ORIENTED_EDGE ( 'NONE', *, *, #590, .T. ) ;
#3133 = DIRECTION ( 'NONE',  ( 1.000000000000000000, 0.000000000000000000, -0.000000000000000000 ) ) ;
#3134 = LINE ( 'NONE', #2625, #1912 ) ;
#3135 = FACE_OUTER_BOUND ( 'NONE', #629, .T. ) ;
#3136 = DIRECTION ( 'NONE',  ( -0.000000000000000000, 1.000000000000000000, -0.000000000000000000 ) ) ;
#3137 = LINE ( 'NONE', #1989, #3667 ) ;
#3138 = CARTESIAN_POINT ( 'NONE',  ( 1.250836745209005729E-13, 5.000000000000000000, -40.50000000000001421 ) ) ;
#3139 = LINE ( 'NONE', #3104, #3613 ) ;
#3140 = VECTOR ( 'NONE', #2784, 1000.000000000000000 ) ;
#3141 = LINE ( 'NONE', #304, #2389 ) ;
#3142 = EDGE_LOOP ( 'NONE', ( #2044, #3406, #2079, #2249 ) ) ;
#3143 = VECTOR ( 'NONE', #2053, 1000.000000000000000 ) ;
#3144 = EDGE_CURVE ( 'NONE', #591, #2496, #853, .T. ) ;
#3145 = CARTESIAN_POINT ( 'NONE',  ( 3.436359853268766178E-13, 30.00000000000000355, -20.50000000000004619 ) ) ;
#3146 = EDGE_LOOP ( 'NONE', ( #969, #2114, #1234, #187 ) ) ;
#3147 = AXIS2_PLACEMENT_3D ( 'NONE', #1863, #380, #2166 ) ;
#3148 = DIRECTION ( 'NONE',  ( -1.000000000000000000, -0.000000000000000000, -0.000000000000000000 ) ) ;
#3149 = EDGE_LOOP ( 'NONE', ( #3238, #3584, #1830, #1947 ) ) ;
#3150 = EDGE_CURVE ( 'NONE', #3407, #399, #1720, .T. ) ;
#3151 = VECTOR ( 'NONE', #19, 1000.000000000000000 ) ;
#3152 = LINE ( 'NONE', #2301, #3428 ) ;
#3153 = ORIENTED_EDGE ( 'NONE', *, *, #727, .T. ) ;
#3154 = PLANE ( 'NONE',  #3031 ) ;
#3155 = DIRECTION ( 'NONE',  ( 0.000000000000000000, 0.000000000000000000, -1.000000000000000000 ) ) ;
#3156 = CARTESIAN_POINT ( 'NONE',  ( 6.247927005943211922E-14, 5.000000000000000000, -47.50000000000000711 ) ) ;
#3157 = CARTESIAN_POINT ( 'NONE',  ( 1.875629445803326922E-13, 30.00000000000000355, -34.50000000000002132 ) ) ;
#3158 = CARTESIAN_POINT ( 'NONE',  ( 3.750007547586290498E-13, 30.00000000000000355, -16.50000000000004974 ) ) ;
#3159 = DIRECTION ( 'NONE',  ( 0.000000000000000000, 0.000000000000000000, -1.000000000000000000 ) ) ;
#3160 = CARTESIAN_POINT ( 'NONE',  ( 15.29499999999532101, 0.000000000000000000, -11.00000000000000000 ) ) ;
#3161 = DIRECTION ( 'NONE',  ( -0.000000000000000000, -1.000000000000000000, -0.000000000000000000 ) ) ;
#3162 = VERTEX_POINT ( 'NONE', #296 ) ;
#3163 = LINE ( 'NONE', #2887, #1696 ) ;
#3164 = ORIENTED_EDGE ( 'NONE', *, *, #2317, .F. ) ;
#3165 = LINE ( 'NONE', #1419, #3385 ) ;
#3166 = EDGE_CURVE ( 'NONE', #15, #2379, #2583, .T. ) ;
#3167 = VERTEX_POINT ( 'NONE', #612 ) ;
#3168 = EDGE_LOOP ( 'NONE', ( #3339, #2118, #667, #3132 ) ) ;
#3169 = CARTESIAN_POINT ( 'NONE',  ( 58.50000000000000000, -0.5000000000000000000, 0.000000000000000000 ) ) ;
#3170 = VERTEX_POINT ( 'NONE', #359 ) ;
#3171 = DIRECTION ( 'NONE',  ( 0.000000000000000000, -0.000000000000000000, -1.000000000000000000 ) ) ;
#3172 = DIRECTION ( 'NONE',  ( -0.000000000000000000, -0.000000000000000000, 1.000000000000000000 ) ) ;
#3173 = EDGE_CURVE ( 'NONE', #1494, #2366, #1220, .T. ) ;
#3174 = FILL_AREA_STYLE ('',( #877 ) ) ;
#3175 = CARTESIAN_POINT ( 'NONE',  ( 15.54500000000000703, 0.000000000000000000, -45.64999999999999858 ) ) ;
#3176 = CARTESIAN_POINT ( 'NONE',  ( 69.60000000000012221, 30.00000000000000355, -41.50000000000001421 ) ) ;
#3177 = CARTESIAN_POINT ( 'NONE',  ( 0.000000000000000000, 5.000000000000000000, -55.00000000000000000 ) ) ;
#3178 = EDGE_CURVE ( 'NONE', #2914, #1416, #80, .T. ) ;
#3179 = CARTESIAN_POINT ( 'NONE',  ( 69.60000000000009379, 30.00000000000000355, -43.50000000000001421 ) ) ;
#3180 = LINE ( 'NONE', #1788, #922 ) ;
#3181 = CARTESIAN_POINT ( 'NONE',  ( 69.59999999999999432, 5.000000000000000000, 0.000000000000000000 ) ) ;
#3182 = ORIENTED_EDGE ( 'NONE', *, *, #1796, .T. ) ;
#3183 = FACE_BOUND ( 'NONE', #1218, .T. ) ;
#3184 = EDGE_LOOP ( 'NONE', ( #3353, #191, #3653, #3359 ) ) ;
#3185 = VECTOR ( 'NONE', #900, 1000.000000000000000 ) ;
#3186 = LINE ( 'NONE', #272, #1659 ) ;
#3187 = ORIENTED_EDGE ( 'NONE', *, *, #836, .T. ) ;
#3188 = VECTOR ( 'NONE', #108, 1000.000000000000000 ) ;
#3189 = EDGE_LOOP ( 'NONE', ( #1597, #3638, #2859, #3041 ) ) ;
#3190 = EDGE_LOOP ( 'NONE', ( #3079, #2080, #2672, #2748 ) ) ;
#3191 = CARTESIAN_POINT ( 'NONE',  ( 4.373548904160248093E-13, 30.00000000000000355, -11.50000000000005862 ) ) ;
#3192 = APPLICATION_CONTEXT ( 'automotive_design' ) ;
#3193 = LINE ( 'NONE', #633, #823 ) ;
#3194 = VECTOR ( 'NONE', #3110, 1000.000000000000000 ) ;
#3195 = EDGE_CURVE ( 'NONE', #3462, #3604, #2046, .T. ) ;
#3196 = VECTOR ( 'NONE', #3361, 1000.000000000000000 ) ;
#3197 = CARTESIAN_POINT ( 'NONE',  ( 9.371890508914817883E-14, 30.00000000000000355, -44.50000000000001421 ) ) ;
#3198 = ORIENTED_EDGE ( 'NONE', *, *, #320, .T. ) ;
#3199 = DIRECTION ( 'NONE',  ( 0.000000000000000000, -0.5150380749100537114, -0.8571673007021125557 ) ) ;
#3200 = CARTESIAN_POINT ( 'NONE',  ( 56.40000000000000568, 4.000000000000000000, -42.70000000000000284 ) ) ;
#3201 = VECTOR ( 'NONE', #2497, 1000.000000000000000 ) ;
#3202 = EDGE_CURVE ( 'NONE', #1698, #326, #595, .T. ) ;
#3203 = DIRECTION ( 'NONE',  ( -0.000000000000000000, -1.000000000000000000, -0.000000000000000000 ) ) ;
#3204 = FACE_OUTER_BOUND ( 'NONE', #2966, .T. ) ;
#3205 = LINE ( 'NONE', #3420, #1844 ) ;
#3206 = FACE_BOUND ( 'NONE', #892, .T. ) ;
#3207 = ORIENTED_EDGE ( 'NONE', *, *, #2291, .F. ) ;
#3208 = DIRECTION ( 'NONE',  ( 1.251344020363363486E-16, 0.000000000000000000, 1.000000000000000000 ) ) ;
#3209 =( GEOMETRIC_REPRESENTATION_CONTEXT ( 3 ) GLOBAL_UNCERTAINTY_ASSIGNED_CONTEXT ( ( #529 ) ) GLOBAL_UNIT_ASSIGNED_CONTEXT ( ( #112, #1512, #1498 ) ) REPRESENTATION_CONTEXT ( 'NONE', 'WORKASPACE' ) );
#3210 = VECTOR ( 'NONE', #1663, 1000.000000000000000 ) ;
#3211 = EDGE_LOOP ( 'NONE', ( #2856, #2732, #865, #3559 ) ) ;
#3212 = ORIENTED_EDGE ( 'NONE', *, *, #2015, .F. ) ;
#3213 = VECTOR ( 'NONE', #598, 1000.000000000000000 ) ;
#3214 = ORIENTED_EDGE ( 'NONE', *, *, #1038, .T. ) ;
#3215 = CARTESIAN_POINT ( 'NONE',  ( 3.750007547586290498E-13, 30.00000000000000355, -16.50000000000004974 ) ) ;
#3216 = CARTESIAN_POINT ( 'NONE',  ( 2.499170802377284769E-13, 30.00000000000000355, -29.50000000000003197 ) ) ;
#3217 = AXIS2_PLACEMENT_3D ( 'NONE', #232, #2516, #3364 ) ;
#3218 = LINE ( 'NONE', #655, #3485 ) ;
#3219 = ORIENTED_EDGE ( 'NONE', *, *, #1215, .T. ) ;
#3220 = CARTESIAN_POINT ( 'NONE',  ( 0.000000000000000000, -0.5000000000000000000, -39.79999999999999716 ) ) ;
#3221 = VECTOR ( 'NONE', #1982, 1000.000000000000000 ) ;
#3222 = CARTESIAN_POINT ( 'NONE',  ( 3.437611197289129523E-13, 5.000000000000000000, -19.50000000000004619 ) ) ;
#3223 = ADVANCED_FACE ( 'NONE', ( #1756 ), #1858, .F. ) ;
#3224 = CARTESIAN_POINT ( 'NONE',  ( 1.561981751485802854E-13, 30.00000000000000355, -38.50000000000002132 ) ) ;
#3225 = CARTESIAN_POINT ( 'NONE',  ( 0.000000000000000000, 30.00000000000000355, -53.50000000000000000 ) ) ;
#3226 = DIRECTION ( 'NONE',  ( -0.000000000000000000, -1.000000000000000000, -0.000000000000000000 ) ) ;
#3227 = EDGE_CURVE ( 'NONE', #1925, #1456, #431, .T. ) ;
#3228 = ADVANCED_FACE ( 'NONE', ( #1297 ), #137, .F. ) ;
#3229 = DIRECTION ( 'NONE',  ( 0.000000000000000000, -0.000000000000000000, -1.000000000000000000 ) ) ;
#3230 = EDGE_LOOP ( 'NONE', ( #1887, #3287, #3625, #3637 ) ) ;
#3231 = EDGE_CURVE ( 'NONE', #2227, #3009, #936, .T. ) ;
#3232 = ORIENTED_EDGE ( 'NONE', *, *, #1991, .F. ) ;
#3233 = VERTEX_POINT ( 'NONE', #1261 ) ;
#3234 = ORIENTED_EDGE ( 'NONE', *, *, #2183, .T. ) ;
#3235 = DIRECTION ( 'NONE',  ( 1.000000000000000000, 0.000000000000000000, 0.000000000000000000 ) ) ;
#3236 = LINE ( 'NONE', #2952, #3088 ) ;
#3237 = DIRECTION ( 'NONE',  ( 0.000000000000000000, -0.000000000000000000, 1.000000000000000000 ) ) ;
#3238 = ORIENTED_EDGE ( 'NONE', *, *, #3494, .T. ) ;
#3239 = LINE ( 'NONE', #419, #3320 ) ;
#3240 = DIRECTION ( 'NONE',  ( 0.000000000000000000, -0.000000000000000000, -1.000000000000000000 ) ) ;
#3241 = CYLINDRICAL_SURFACE ( 'NONE', #1586, 0.7999999999999951594 ) ;
#3242 = EDGE_CURVE ( 'NONE', #3233, #3669, #3567, .T. ) ;
#3243 = CARTESIAN_POINT ( 'NONE',  ( 58.50000000000000000, -0.5000000000000000000, -15.19999999999999929 ) ) ;
#3244 = ADVANCED_FACE ( 'NONE', ( #3546 ), #973, .T. ) ;
#3245 = CARTESIAN_POINT ( 'NONE',  ( 4.685945254457409068E-13, 30.00000000000000355, -8.500000000000063949 ) ) ;
#3246 = VERTEX_POINT ( 'NONE', #3273 ) ;
#3247 = DIRECTION ( 'NONE',  ( 0.000000000000000000, 1.000000000000000000, 0.000000000000000000 ) ) ;
#3248 = VERTEX_POINT ( 'NONE', #3216 ) ;
#3249 = ADVANCED_FACE ( 'NONE', ( #1558 ), #1875, .F. ) ;
#3250 = ORIENTED_EDGE ( 'NONE', *, *, #3450, .F. ) ;
#3251 = ORIENTED_EDGE ( 'NONE', *, *, #3439, .F. ) ;
#3252 = LINE ( 'NONE', #687, #642 ) ;
#3253 = PLANE ( 'NONE',  #2449 ) ;
#3254 = VECTOR ( 'NONE', #3051, 1000.000000000000000 ) ;
#3255 = PLANE ( 'NONE',  #747 ) ;
#3256 = VECTOR ( 'NONE', #3082, 1000.000000000000000 ) ;
#3257 = VERTEX_POINT ( 'NONE', #2735 ) ;
#3258 = DIRECTION ( 'NONE',  ( 0.000000000000000000, 0.000000000000000000, -1.000000000000000000 ) ) ;
#3259 = PLANE ( 'NONE',  #1070 ) ;
#3260 = VECTOR ( 'NONE', #2788, 1000.000000000000000 ) ;
#3261 = DIRECTION ( 'NONE',  ( 0.000000000000000000, 0.000000000000000000, -1.000000000000000000 ) ) ;
#3262 = LINE ( 'NONE', #1268, #2973 ) ;
#3263 = VECTOR ( 'NONE', #3203, 1000.000000000000000 ) ;
#3264 = DIRECTION ( 'NONE',  ( -0.000000000000000000, -1.000000000000000000, -0.000000000000000000 ) ) ;
#3265 = ORIENTED_EDGE ( 'NONE', *, *, #71, .F. ) ;
#3266 = LINE ( 'NONE', #2115, #2981 ) ;
#3267 = EDGE_CURVE ( 'NONE', #361, #2931, #1574, .T. ) ;
#3268 = ORIENTED_EDGE ( 'NONE', *, *, #3399, .F. ) ;
#3269 = ORIENTED_EDGE ( 'NONE', *, *, #1380, .F. ) ;
#3270 = ORIENTED_EDGE ( 'NONE', *, *, #422, .T. ) ;
#3271 = DIRECTION ( 'NONE',  ( 0.000000000000000000, 0.000000000000000000, -1.000000000000000000 ) ) ;
#3272 = VECTOR ( 'NONE', #276, 1000.000000000000000 ) ;
#3273 = CARTESIAN_POINT ( 'NONE',  ( 69.59999999999999432, 5.000000000000000000, -16.50000000000004974 ) ) ;
#3274 = EDGE_CURVE ( 'NONE', #2017, #2380, #654, .T. ) ;
#3275 = EDGE_CURVE ( 'NONE', #2087, #2778, #708, .T. ) ;
#3276 = VECTOR ( 'NONE', #2009, 1000.000000000000000 ) ;
#3277 = CARTESIAN_POINT ( 'NONE',  ( 0.000000000000000000, 5.000000000000000000, 0.000000000000000000 ) ) ;
#3278 = ORIENTED_EDGE ( 'NONE', *, *, #1014, .F. ) ;
#3279 = CARTESIAN_POINT ( 'NONE',  ( 56.40000000000046754, -0.5000000000000014433, -13.89999999999998614 ) ) ;
#3280 = CARTESIAN_POINT ( 'NONE',  ( 58.50000000000000000, -0.5000000000000000000, 0.000000000000000000 ) ) ;
#3281 = VECTOR ( 'NONE', #2658, 1000.000000000000000 ) ;
#3282 = FACE_OUTER_BOUND ( 'NONE', #334, .T. ) ;
#3283 = LINE ( 'NONE', #2169, #2150 ) ;
#3284 = LINE ( 'NONE', #2430, #27 ) ;
#3285 = VERTEX_POINT ( 'NONE', #1012 ) ;
#3286 = CARTESIAN_POINT ( 'NONE',  ( 0.000000000000000000, 30.00000000000000355, 0.000000000000000000 ) ) ;
#3287 = ORIENTED_EDGE ( 'NONE', *, *, #297, .F. ) ;
#3288 = ORIENTED_EDGE ( 'NONE', *, *, #3614, .T. ) ;
#3289 = EDGE_CURVE ( 'NONE', #2655, #2469, #1519, .T. ) ;
#3290 = ORIENTED_EDGE ( 'NONE', *, *, #3342, .T. ) ;
#3291 = LINE ( 'NONE', #1085, #3210 ) ;
#3292 = CARTESIAN_POINT ( 'NONE',  ( 13.20000000000046825, -0.5000000000000000000, -13.89999999999999147 ) ) ;
#3293 = CARTESIAN_POINT ( 'NONE',  ( 13.19999999999999929, 4.000000000000000000, -41.89999999999999858 ) ) ;
#3294 = EDGE_CURVE ( 'NONE', #2240, #668, #2161, .T. ) ;
#3295 = VERTEX_POINT ( 'NONE', #2402 ) ;
#3296 = DIRECTION ( 'NONE',  ( 4.130293990420967418E-16, 0.000000000000000000, -1.000000000000000000 ) ) ;
#3297 = LINE ( 'NONE', #1563, #1430 ) ;
#3298 = DIRECTION ( 'NONE',  ( 1.000000000000000000, 0.000000000000000000, -0.000000000000000000 ) ) ;
#3299 = EDGE_CURVE ( 'NONE', #2623, #704, #98, .T. ) ;
#3300 = DIRECTION ( 'NONE',  ( 1.000000000000000000, 0.000000000000000000, 0.000000000000000000 ) ) ;
#3301 = LINE ( 'NONE', #1886, #2300 ) ;
#3302 = ORIENTED_EDGE ( 'NONE', *, *, #980, .F. ) ;
#3303 = ORIENTED_EDGE ( 'NONE', *, *, #3568, .T. ) ;
#3304 = DIRECTION ( 'NONE',  ( 1.000000000000000000, 0.000000000000000000, -0.000000000000000000 ) ) ;
#3305 = VERTEX_POINT ( 'NONE', #1819 ) ;
#3306 = VERTEX_POINT ( 'NONE', #394 ) ;
#3307 = CARTESIAN_POINT ( 'NONE',  ( 69.60000000000012221, 30.00000000000000355, -41.50000000000001421 ) ) ;
#3308 = LINE ( 'NONE', #3075, #3391 ) ;
#3309 = LINE ( 'NONE', #1616, #3123 ) ;
#3310 = ORIENTED_EDGE ( 'NONE', *, *, #210, .T. ) ;
#3311 = CARTESIAN_POINT ( 'NONE',  ( 3.123963502971605709E-13, 5.000000000000000000, -23.50000000000004263 ) ) ;
#3312 = DIRECTION ( 'NONE',  ( 0.000000000000000000, 0.000000000000000000, -1.000000000000000000 ) ) ;
#3313 = VECTOR ( 'NONE', #3415, 1000.000000000000000 ) ;
#3314 = EDGE_CURVE ( 'NONE', #1331, #2138, #726, .T. ) ;
#3315 = VECTOR ( 'NONE', #6, 1000.000000000000000 ) ;
#3316 = FACE_OUTER_BOUND ( 'NONE', #133, .T. ) ;
#3317 = DIRECTION ( 'NONE',  ( 0.000000000000000000, 0.000000000000000000, -1.000000000000000000 ) ) ;
#3318 = VECTOR ( 'NONE', #2217, 1000.000000000000000 ) ;
#3319 = EDGE_CURVE ( 'NONE', #3305, #2931, #3236, .T. ) ;
#3320 = VECTOR ( 'NONE', #1577, 1000.000000000000000 ) ;
#3321 = CARTESIAN_POINT ( 'NONE',  ( 54.30000000000001137, -0.5000000000000000000, -44.00000000000000000 ) ) ;
#3322 = ORIENTED_EDGE ( 'NONE', *, *, #1059, .F. ) ;
#3323 = ORIENTED_EDGE ( 'NONE', *, *, #2356, .T. ) ;
#3324 = VERTEX_POINT ( 'NONE', #2677 ) ;
#3325 = VERTEX_POINT ( 'NONE', #119 ) ;
#3326 = CARTESIAN_POINT ( 'NONE',  ( 0.000000000000000000, 5.000000000000000000, -37.50000000000002132 ) ) ;
#3327 = CARTESIAN_POINT ( 'NONE',  ( 13.20000000000046825, -0.5000000000000014433, -13.09999999999999964 ) ) ;
#3328 = LINE ( 'NONE', #1950, #1230 ) ;
#3329 = EDGE_LOOP ( 'NONE', ( #159, #1417, #3685 ) ) ;
#3330 = DIRECTION ( 'NONE',  ( 0.000000000000000000, -0.000000000000000000, -1.000000000000000000 ) ) ;
#3331 = LINE ( 'NONE', #800, #3388 ) ;
#3332 = AXIS2_PLACEMENT_3D ( 'NONE', #3191, #1755, #1457 ) ;
#3333 = DIRECTION ( 'NONE',  ( 0.000000000000000000, -0.5038710255240895775, 0.8637789008984314565 ) ) ;
#3334 = PLANE ( 'NONE',  #1188 ) ;
#3335 = ADVANCED_FACE ( 'NONE', ( #3530 ), #3253, .F. ) ;
#3336 = VECTOR ( 'NONE', #1670, 1000.000000000000000 ) ;
#3337 = DIRECTION ( 'NONE',  ( 0.000000000000000000, -0.000000000000000000, -1.000000000000000000 ) ) ;
#3338 = ADVANCED_FACE ( 'NONE', ( #1894 ), #1031, .T. ) ;
#3339 = ORIENTED_EDGE ( 'NONE', *, *, #2458, .F. ) ;
#3340 = ORIENTED_EDGE ( 'NONE', *, *, #3404, .F. ) ;
#3341 = EDGE_LOOP ( 'NONE', ( #471, #954, #3232, #3495, #512, #1155, #3322, #483, #135, #1399, #2491, #1217, #117, #1998, #2694, #1254, #788, #3164, #3431, #1633, #2505, #442, #2764, #1568, #222, #1892, #2946, #2890, #3392, #3265, #1317, #2101, #1617, #245, #2510, #2376, #1833, #1872, #1735, #588, #1094, #1555, #887, #1433, #1384, #3686, #1044, #357, #1259, #1751, #258, #2614, #2771, #970, #151, #58, #2294, #975, #2871, #3369, #1136, #2833, #286, #1572, #1096, #1405, #2628, #873, #2707, #2299, #78, #607, #3187, #93, #173, #760 ) ) ;
#3342 = EDGE_CURVE ( 'NONE', #441, #462, #3026, .T. ) ;
#3343 = ORIENTED_EDGE ( 'NONE', *, *, #1222, .T. ) ;
#3344 = PLANE ( 'NONE',  #2678 ) ;
#3345 = CARTESIAN_POINT ( 'NONE',  ( 13.19999999999999929, -0.5000000000000000000, -42.69999999999999574 ) ) ;
#3346 = LINE ( 'NONE', #1119, #3491 ) ;
#3347 = ORIENTED_EDGE ( 'NONE', *, *, #2295, .T. ) ;
#3348 = LINE ( 'NONE', #472, #2668 ) ;
#3349 = CARTESIAN_POINT ( 'NONE',  ( 54.30000000000001137, -0.000000000000000000, -44.00000000000000000 ) ) ;
#3350 = CARTESIAN_POINT ( 'NONE',  ( 3.125214846991969054E-13, 30.00000000000000355, -22.50000000000003908 ) ) ;
#3351 = CARTESIAN_POINT ( 'NONE',  ( 0.000000000000000000, -0.5000000000000000000, -44.00000000000000000 ) ) ;
#3352 = ORIENTED_EDGE ( 'NONE', *, *, #250, .F. ) ;
#3353 = ORIENTED_EDGE ( 'NONE', *, *, #3439, .T. ) ;
#3354 = EDGE_CURVE ( 'NONE', #3372, #1795, #516, .T. ) ;
#3355 = ORIENTED_EDGE ( 'NONE', *, *, #1117, .F. ) ;
#3356 = ORIENTED_EDGE ( 'NONE', *, *, #2769, .T. ) ;
#3357 = LINE ( 'NONE', #1628, #1120 ) ;
#3358 = FACE_OUTER_BOUND ( 'NONE', #2278, .T. ) ;
#3359 = ORIENTED_EDGE ( 'NONE', *, *, #2272, .T. ) ;
#3360 = EDGE_CURVE ( 'NONE', #3038, #3669, #1086, .T. ) ;
#3361 = DIRECTION ( 'NONE',  ( -0.000000000000000000, -1.000000000000000000, -0.000000000000000000 ) ) ;
#3362 = ORIENTED_EDGE ( 'NONE', *, *, #2064, .F. ) ;
#3363 = DIRECTION ( 'NONE',  ( -0.000000000000000000, -1.000000000000000000, -0.000000000000000000 ) ) ;
#3364 = DIRECTION ( 'NONE',  ( 0.000000000000000000, -0.000000000000000000, 1.000000000000000000 ) ) ;
#3365 = DIRECTION ( 'NONE',  ( -1.000000000000000000, 0.000000000000000000, 0.000000000000000000 ) ) ;
#3366 = LINE ( 'NONE', #542, #1846 ) ;
#3367 = CARTESIAN_POINT ( 'NONE',  ( 2.500422146397648114E-13, 30.00000000000000355, -28.50000000000003197 ) ) ;
#3368 = CONICAL_SURFACE ( 'NONE', #1107, 0.8000000000000020428, 1.029744258676654978 ) ;
#3369 = ORIENTED_EDGE ( 'NONE', *, *, #2183, .F. ) ;
#3370 = VECTOR ( 'NONE', #2385, 1000.000000000000000 ) ;
#3371 = ORIENTED_EDGE ( 'NONE', *, *, #664, .F. ) ;
#3372 = VERTEX_POINT ( 'NONE', #1945 ) ;
#3373 = DIRECTION ( 'NONE',  ( 0.000000000000000000, 0.000000000000000000, 1.000000000000000000 ) ) ;
#3374 = ADVANCED_FACE ( 'NONE', ( #535 ), #1916, .F. ) ;
#3375 = VECTOR ( 'NONE', #246, 1000.000000000000000 ) ;
#3376 = PLANE ( 'NONE',  #1828 ) ;
#3377 = ORIENTED_EDGE ( 'NONE', *, *, #893, .T. ) ;
#3378 = FACE_OUTER_BOUND ( 'NONE', #3453, .T. ) ;
#3379 = FACE_OUTER_BOUND ( 'NONE', #1346, .T. ) ;
#3380 = EDGE_CURVE ( 'NONE', #2335, #1712, #3308, .T. ) ;
#3381 = EDGE_CURVE ( 'NONE', #2802, #2800, #2230, .T. ) ;
#3382 = LINE ( 'NONE', #278, #448 ) ;
#3383 = CARTESIAN_POINT ( 'NONE',  ( 2.186774452080124046E-13, 30.00000000000000355, -32.50000000000002842 ) ) ;
#3384 = ADVANCED_FACE ( 'NONE', ( #3358 ), #3044, .T. ) ;
#3385 = VECTOR ( 'NONE', #2854, 1000.000000000000000 ) ;
#3386 = DIRECTION ( 'NONE',  ( -0.000000000000000000, -1.000000000000000000, -0.000000000000000000 ) ) ;
#3387 = VECTOR ( 'NONE', #902, 1000.000000000000000 ) ;
#3388 = VECTOR ( 'NONE', #2808, 1000.000000000000000 ) ;
#3389 = EDGE_LOOP ( 'NONE', ( #488, #966 ) ) ;
#3390 = ORIENTED_EDGE ( 'NONE', *, *, #2064, .T. ) ;
#3391 = VECTOR ( 'NONE', #498, 1000.000000000000000 ) ;
#3392 = ORIENTED_EDGE ( 'NONE', *, *, #3064, .T. ) ;
#3393 = LINE ( 'NONE', #2057, #1307 ) ;
#3394 = EDGE_CURVE ( 'NONE', #2212, #2225, #2216, .T. ) ;
#3395 = CARTESIAN_POINT ( 'NONE',  ( 0.000000000000000000, 5.000000000000000000, 0.000000000000000000 ) ) ;
#3396 = VERTEX_POINT ( 'NONE', #1099 ) ;
#3397 = DIRECTION ( 'NONE',  ( 0.000000000000000000, 0.000000000000000000, -1.000000000000000000 ) ) ;
#3398 = DIRECTION ( 'NONE',  ( -0.000000000000000000, -0.000000000000000000, -1.000000000000000000 ) ) ;
#3399 = EDGE_CURVE ( 'NONE', #3542, #3248, #1334, .T. ) ;
#3400 = CARTESIAN_POINT ( 'NONE',  ( 0.000000000000000000, -0.000000000000000000, -45.64999999999999858 ) ) ;
#3401 = LINE ( 'NONE', #1344, #1161 ) ;
#3402 = CARTESIAN_POINT ( 'NONE',  ( 0.000000000000000000, -0.5000000000000000000, 0.000000000000000000 ) ) ;
#3403 = DIRECTION ( 'NONE',  ( -0.000000000000000000, -1.000000000000000000, -0.000000000000000000 ) ) ;
#3404 = EDGE_CURVE ( 'NONE', #2908, #3306, #2512, .T. ) ;
#3405 = CARTESIAN_POINT ( 'NONE',  ( 2.499170802377284769E-13, 30.00000000000000355, -29.50000000000003197 ) ) ;
#3406 = ORIENTED_EDGE ( 'NONE', *, *, #2499, .F. ) ;
#3407 = VERTEX_POINT ( 'NONE', #780 ) ;
#3408 = ORIENTED_EDGE ( 'NONE', *, *, #3557, .F. ) ;
#3409 = DIRECTION ( 'NONE',  ( 1.000000000000000000, 0.000000000000000000, 0.000000000000000000 ) ) ;
#3410 = ORIENTED_EDGE ( 'NONE', *, *, #1808, .T. ) ;
#3411 = DIRECTION ( 'NONE',  ( -1.000000000000000000, -0.000000000000000000, -0.000000000000000000 ) ) ;
#3412 = ORIENTED_EDGE ( 'NONE', *, *, #2613, .T. ) ;
#3413 = DIRECTION ( 'NONE',  ( -0.000000000000000000, -1.000000000000000000, -0.000000000000000000 ) ) ;
#3414 = DIRECTION ( 'NONE',  ( -0.000000000000000000, -1.000000000000000000, -0.000000000000000000 ) ) ;
#3415 = DIRECTION ( 'NONE',  ( -0.000000000000000000, -1.000000000000000000, -0.000000000000000000 ) ) ;
#3416 = DIRECTION ( 'NONE',  ( 1.057758217059028854E-16, 0.000000000000000000, -1.000000000000000000 ) ) ;
#3417 = LINE ( 'NONE', #301, #2853 ) ;
#3418 = ADVANCED_FACE ( 'NONE', ( #1615 ), #2754, .T. ) ;
#3419 = CARTESIAN_POINT ( 'NONE',  ( 69.59999999999999432, 5.000000000000000000, 0.000000000000000000 ) ) ;
#3420 = CARTESIAN_POINT ( 'NONE',  ( 0.000000000000000000, 0.000000000000000000, -15.19999999999999929 ) ) ;
#3421 = EDGE_CURVE ( 'NONE', #1456, #2937, #2804, .T. ) ;
#3422 = ORIENTED_EDGE ( 'NONE', *, *, #1215, .F. ) ;
#3423 = VECTOR ( 'NONE', #3365, 1000.000000000000000 ) ;
#3424 = FACE_BOUND ( 'NONE', #2577, .T. ) ;
#3425 = EDGE_LOOP ( 'NONE', ( #1263, #1772, #2915, #1470 ) ) ;
#3426 = DIRECTION ( 'NONE',  ( -0.000000000000000000, -1.000000000000000000, -0.000000000000000000 ) ) ;
#3427 = ORIENTED_EDGE ( 'NONE', *, *, #3078, .F. ) ;
#3428 = VECTOR ( 'NONE', #850, 1000.000000000000000 ) ;
#3429 = CARTESIAN_POINT ( 'NONE',  ( 69.59999999999999432, 5.000000000000000000, 0.000000000000000000 ) ) ;
#3430 = CONICAL_SURFACE ( 'NONE', #220, 0.8000000000000020428, 1.029744258676654978 ) ;
#3431 = ORIENTED_EDGE ( 'NONE', *, *, #2537, .F. ) ;
#3432 = DIRECTION ( 'NONE',  ( -0.000000000000000000, -0.000000000000000000, -1.000000000000000000 ) ) ;
#3433 = FACE_OUTER_BOUND ( 'NONE', #1661, .T. ) ;
#3434 = CARTESIAN_POINT ( 'NONE',  ( 58.50000000000000000, -0.5000000000000000000, -15.19999999999999929 ) ) ;
#3435 = CARTESIAN_POINT ( 'NONE',  ( 69.60000000000032117, 30.00000000000000355, -23.50000000000004263 ) ) ;
#3436 = DIRECTION ( 'NONE',  ( 0.000000000000000000, 0.000000000000000000, 1.000000000000000000 ) ) ;
#3437 = PLANE ( 'NONE',  #3683 ) ;
#3438 = DIRECTION ( 'NONE',  ( 0.000000000000000000, -0.000000000000000000, 1.000000000000000000 ) ) ;
#3439 = EDGE_CURVE ( 'NONE', #703, #239, #3093, .T. ) ;
#3440 = VECTOR ( 'NONE', #136, 1000.000000000000000 ) ;
#3441 = FACE_OUTER_BOUND ( 'NONE', #693, .T. ) ;
#3442 = EDGE_LOOP ( 'NONE', ( #211, #1918, #1151, #2193 ) ) ;
#3443 = AXIS2_PLACEMENT_3D ( 'NONE', #3631, #1077, #218 ) ;
#3444 = EDGE_CURVE ( 'NONE', #2564, #2358, #813, .T. ) ;
#3445 = ORIENTED_EDGE ( 'NONE', *, *, #3648, .F. ) ;
#3446 = EDGE_LOOP ( 'NONE', ( #2727, #2001, #3583, #2820 ) ) ;
#3447 = VECTOR ( 'NONE', #414, 1000.000000000000000 ) ;
#3448 = DIRECTION ( 'NONE',  ( -0.000000000000000000, 0.000000000000000000, 1.000000000000000000 ) ) ;
#3449 = ORIENTED_EDGE ( 'NONE', *, *, #2750, .F. ) ;
#3450 = EDGE_CURVE ( 'NONE', #2380, #668, #1132, .T. ) ;
#3451 = VERTEX_POINT ( 'NONE', #2457 ) ;
#3452 = DIRECTION ( 'NONE',  ( 0.000000000000000000, 0.000000000000000000, -1.000000000000000000 ) ) ;
#3453 = EDGE_LOOP ( 'NONE', ( #2751, #38, #2157 ) ) ;
#3454 = DIRECTION ( 'NONE',  ( -0.000000000000000000, -1.000000000000000000, -0.000000000000000000 ) ) ;
#3455 = CARTESIAN_POINT ( 'NONE',  ( 69.60000000000049170, 30.00000000000000355, -4.500000000000066613 ) ) ;
#3456 = DIRECTION ( 'NONE',  ( -1.000000000000000000, 0.000000000000000000, -0.000000000000000000 ) ) ;
#3457 = LINE ( 'NONE', #3678, #3185 ) ;
#3458 = DIRECTION ( 'NONE',  ( -0.000000000000000000, -1.000000000000000000, -0.000000000000000000 ) ) ;
#3459 = LINE ( 'NONE', #1208, #1005 ) ;
#3460 = DIRECTION ( 'NONE',  ( 0.000000000000000000, 0.000000000000000000, -1.000000000000000000 ) ) ;
#3461 = CARTESIAN_POINT ( 'NONE',  ( 0.000000000000000000, 5.000000000000000000, -2.500000000000071498 ) ) ;
#3462 = VERTEX_POINT ( 'NONE', #1351 ) ;
#3463 = DIRECTION ( 'NONE',  ( -0.000000000000000000, -1.000000000000000000, -0.000000000000000000 ) ) ;
#3464 = ORIENTED_EDGE ( 'NONE', *, *, #1757, .T. ) ;
#3465 = LINE ( 'NONE', #3109, #1671 ) ;
#3466 = EDGE_CURVE ( 'NONE', #1389, #2944, #570, .T. ) ;
#3467 = ORIENTED_EDGE ( 'NONE', *, *, #2991, .T. ) ;
#3468 = ORIENTED_EDGE ( 'NONE', *, *, #2633, .T. ) ;
#3469 = VERTEX_POINT ( 'NONE', #256 ) ;
#3470 = DIRECTION ( 'NONE',  ( -1.000000000000000000, -0.000000000000000000, -0.000000000000000000 ) ) ;
#3471 = CARTESIAN_POINT ( 'NONE',  ( 0.000000000000000000, 5.000000000000000000, 0.000000000000000000 ) ) ;
#3472 = EDGE_CURVE ( 'NONE', #1752, #2240, #1475, .T. ) ;
#3473 = DIRECTION ( 'NONE',  ( 1.251344020363363486E-16, 0.000000000000000000, 1.000000000000000000 ) ) ;
#3474 = ORIENTED_EDGE ( 'NONE', *, *, #2688, .T. ) ;
#3475 = DIRECTION ( 'NONE',  ( 0.000000000000000000, 1.000000000000000000, 0.000000000000000000 ) ) ;
#3476 = LINE ( 'NONE', #920, #3033 ) ;
#3477 = DIRECTION ( 'NONE',  ( -1.000000000000000000, -0.000000000000000000, -0.000000000000000000 ) ) ;
#3478 = CARTESIAN_POINT ( 'NONE',  ( 1.874378101782963577E-13, 30.00000000000000355, -35.50000000000002132 ) ) ;
#3479 = CARTESIAN_POINT ( 'NONE',  ( 1.874378101782963577E-13, 30.00000000000000355, -35.50000000000002132 ) ) ;
#3480 = EDGE_LOOP ( 'NONE', ( #3323, #2729, #1451, #1897 ) ) ;
#3481 = CARTESIAN_POINT ( 'NONE',  ( 9.371890508914817883E-14, 5.000000000000000000, -44.50000000000001421 ) ) ;
#3482 = ORIENTED_EDGE ( 'NONE', *, *, #590, .F. ) ;
#3483 = LINE ( 'NONE', #681, #2258 ) ;
#3484 = ORIENTED_EDGE ( 'NONE', *, *, #2111, .T. ) ;
#3485 = VECTOR ( 'NONE', #2936, 1000.000000000000000 ) ;
#3486 = ORIENTED_EDGE ( 'NONE', *, *, #2640, .T. ) ;
#3487 = EDGE_CURVE ( 'NONE', #833, #1478, #2039, .T. ) ;
#3488 = EDGE_LOOP ( 'NONE', ( #2600, #1799, #96, #1971 ) ) ;
#3489 = CARTESIAN_POINT ( 'NONE',  ( 54.29999999999998295, -0.5000000000000000000, 8.970998547194340752E-14 ) ) ;
#3490 = DIRECTION ( 'NONE',  ( 0.000000000000000000, -1.000000000000000000, 0.000000000000000000 ) ) ;
#3491 = VECTOR ( 'NONE', #2198, 1000.000000000000000 ) ;
#3492 = AXIS2_PLACEMENT_3D ( 'NONE', #818, #1052, #1898 ) ;
#3493 = CARTESIAN_POINT ( 'NONE',  ( 52.30500000000000682, -3.000000000000000000, -11.09999999999999964 ) ) ;
#3494 = EDGE_CURVE ( 'NONE', #631, #723, #1713, .T. ) ;
#3495 = ORIENTED_EDGE ( 'NONE', *, *, #1083, .F. ) ;
#3496 = PLANE ( 'NONE',  #101 ) ;
#3497 = EDGE_CURVE ( 'NONE', #2227, #2338, #3393, .T. ) ;
#3498 = LINE ( 'NONE', #2631, #645 ) ;
#3499 = LINE ( 'NONE', #1488, #2374 ) ;
#3500 = CARTESIAN_POINT ( 'NONE',  ( 54.05500000000000682, 0.000000000000000000, 0.000000000000000000 ) ) ;
#3501 = EDGE_CURVE ( 'NONE', #2592, #28, #3165, .T. ) ;
#3502 = LINE ( 'NONE', #946, #1001 ) ;
#3503 = FACE_OUTER_BOUND ( 'NONE', #796, .T. ) ;
#3504 = ORIENTED_EDGE ( 'NONE', *, *, #888, .F. ) ;
#3505 = LINE ( 'NONE', #1256, #641 ) ;
#3506 = VECTOR ( 'NONE', #1985, 1000.000000000000000 ) ;
#3507 = VERTEX_POINT ( 'NONE', #2319 ) ;
#3508 = ORIENTED_EDGE ( 'NONE', *, *, #662, .T. ) ;
#3509 = VECTOR ( 'NONE', #2533, 1000.000000000000000 ) ;
#3510 = ORIENTED_EDGE ( 'NONE', *, *, #504, .F. ) ;
#3511 = CARTESIAN_POINT ( 'NONE',  ( 54.29999999999998295, 0.000000000000000000, 8.970998547194340752E-14 ) ) ;
#3512 = CARTESIAN_POINT ( 'NONE',  ( 58.50000000000000000, -0.5000000000000000000, -44.00000000000000000 ) ) ;
#3513 = AXIS2_PLACEMENT_3D ( 'NONE', #3098, #2269, #1684 ) ;
#3514 = ADVANCED_FACE ( 'NONE', ( #2279 ), #830, .F. ) ;
#3515 = CARTESIAN_POINT ( 'NONE',  ( 9.384403949118451333E-14, 30.00000000000000355, -43.50000000000001421 ) ) ;
#3516 = EDGE_LOOP ( 'NONE', ( #3589, #1650, #408, #2174 ) ) ;
#3517 = PLANE ( 'NONE',  #269 ) ;
#3518 = LINE ( 'NONE', #3280, #705 ) ;
#3519 = ADVANCED_FACE ( 'NONE', ( #2298 ), #3670, .F. ) ;
#3520 = FACE_OUTER_BOUND ( 'NONE', #3516, .T. ) ;
#3521 = LINE ( 'NONE', #754, #1370 ) ;
#3522 = EDGE_CURVE ( 'NONE', #777, #3167, #289, .T. ) ;
#3523 = DIRECTION ( 'NONE',  ( -0.000000000000000000, -1.000000000000000000, -0.000000000000000000 ) ) ;
#3524 = EDGE_LOOP ( 'NONE', ( #2024, #1176, #851, #3468 ) ) ;
#3525 = PLANE ( 'NONE',  #518 ) ;
#3526 = ORIENTED_EDGE ( 'NONE', *, *, #3494, .F. ) ;
#3527 = ORIENTED_EDGE ( 'NONE', *, *, #2787, .F. ) ;
#3528 = ORIENTED_EDGE ( 'NONE', *, *, #99, .T. ) ;
#3529 = DIRECTION ( 'NONE',  ( 0.000000000000000000, 0.000000000000000000, -1.000000000000000000 ) ) ;
#3530 = FACE_OUTER_BOUND ( 'NONE', #1658, .T. ) ;
#3531 = CARTESIAN_POINT ( 'NONE',  ( 11.09500000000000419, -0.5000000000000000000, -39.79999999999999716 ) ) ;
#3532 = ORIENTED_EDGE ( 'NONE', *, *, #3650, .F. ) ;
#3533 = DIRECTION ( 'NONE',  ( -0.000000000000000000, -0.000000000000000000, -1.000000000000000000 ) ) ;
#3534 = DIRECTION ( 'NONE',  ( 1.251344020363856524E-16, 0.000000000000000000, 1.000000000000000000 ) ) ;
#3535 = DIRECTION ( 'NONE',  ( 0.000000000000000000, 0.000000000000000000, 1.000000000000000000 ) ) ;
#3536 = CARTESIAN_POINT ( 'NONE',  ( 56.40000000000046754, 4.000000000000000000, -12.29999999999999716 ) ) ;
#3537 = EDGE_CURVE ( 'NONE', #2421, #1782, #3186, .T. ) ;
#3538 = DIRECTION ( 'NONE',  ( 0.000000000000000000, -1.000000000000000000, 0.000000000000000000 ) ) ;
#3539 = EDGE_CURVE ( 'NONE', #70, #2892, #3465, .T. ) ;
#3540 = ORIENTED_EDGE ( 'NONE', *, *, #1195, .T. ) ;
#3541 = CARTESIAN_POINT ( 'NONE',  ( 58.50000000000000000, 0.000000000000000000, 0.000000000000000000 ) ) ;
#3542 = VERTEX_POINT ( 'NONE', #2263 ) ;
#3543 = ORIENTED_EDGE ( 'NONE', *, *, #3118, .F. ) ;
#3544 = ORIENTED_EDGE ( 'NONE', *, *, #964, .F. ) ;
#3545 = LINE ( 'NONE', #2951, #2970 ) ;
#3546 = FACE_OUTER_BOUND ( 'NONE', #1643, .T. ) ;
#3547 = CLOSED_SHELL ( 'NONE', ( #2897, #1839, #1956, #1993, #2636, #1587, #499, #545, #596, #2290, #2252, #1710, #486, #1398, #347, #1124, #2796, #3335, #2341, #1715, #1688, #302, #3223, #7, #1810, #2814, #1913, #2589, #543, #2239, #50, #81, #3013, #3384, #1672, #234, #795, #188, #3562, #2503, #3103, #2137, #1509, #2336, #194, #367, #2584, #92, #1200, #1144, #1100, #3244, #1340, #477, #732, #2827, #942, #2471, #417, #142, #822, #2223, #2612, #3249, #566, #3602, #2811, #2524, #459, #816, #3374, #1249, #1676, #531, #1520, #1559, #1492, #937, #644, #3228, #3676, #2209, #1245, #2476, #751, #2978, #517, #2746, #845, #3418, #24, #3017, #2091, #1360, #1926, #411, #3106, #1533, #2543, #1426, #1931, #1946, #1237, #1290, #2245, #802, #3519, #3338, #1170, #968, #1459, #2205, #709, #2060, #3514, #2226, #2407, #567, #346 ) ) ;
#3548 = CARTESIAN_POINT ( 'NONE',  ( 3.123963502971605709E-13, 30.00000000000000355, -23.50000000000004263 ) ) ;
#3549 = VECTOR ( 'NONE', #2569, 1000.000000000000000 ) ;
#3550 = VERTEX_POINT ( 'NONE', #1750 ) ;
#3551 = CARTESIAN_POINT ( 'NONE',  ( 0.000000000000000000, 5.000000000000000000, -34.50000000000002132 ) ) ;
#3552 = CARTESIAN_POINT ( 'NONE',  ( 13.19999999999999929, 4.000000000000000000, -42.70000000000000284 ) ) ;
#3553 = VECTOR ( 'NONE', #1667, 1000.000000000000000 ) ;
#3554 = DIRECTION ( 'NONE',  ( 0.000000000000000000, 1.000000000000000000, 0.000000000000000000 ) ) ;
#3555 = DIRECTION ( 'NONE',  ( 1.000000000000000000, 0.000000000000000000, 0.000000000000000000 ) ) ;
#3556 = VECTOR ( 'NONE', #749, 1000.000000000000000 ) ;
#3557 = EDGE_CURVE ( 'NONE', #2144, #3023, #2872, .T. ) ;
#3558 = DIRECTION ( 'NONE',  ( -0.000000000000000000, -1.000000000000000000, -0.000000000000000000 ) ) ;
#3559 = ORIENTED_EDGE ( 'NONE', *, *, #1579, .T. ) ;
#3560 = DIRECTION ( 'NONE',  ( 0.000000000000000000, 0.000000000000000000, -1.000000000000000000 ) ) ;
#3561 = ORIENTED_EDGE ( 'NONE', *, *, #20, .T. ) ;
#3562 = ADVANCED_FACE ( 'NONE', ( #3688 ), #1175, .T. ) ;
#3563 = ORIENTED_EDGE ( 'NONE', *, *, #868, .T. ) ;
#3564 = VERTEX_POINT ( 'NONE', #891 ) ;
#3565 = LINE ( 'NONE', #3489, #2741 ) ;
#3566 = VECTOR ( 'NONE', #1375, 1000.000000000000000 ) ;
#3567 = LINE ( 'NONE', #1277, #3447 ) ;
#3568 = EDGE_CURVE ( 'NONE', #1088, #331, #2889, .T. ) ;
#3569 = VECTOR ( 'NONE', #1742, 1000.000000000000000 ) ;
#3570 = DIRECTION ( 'NONE',  ( 0.000000000000000000, 0.000000000000000000, -1.000000000000000000 ) ) ;
#3571 = VERTEX_POINT ( 'NONE', #2617 ) ;
#3572 = LINE ( 'NONE', #1018, #1359 ) ;
#3573 = PLANE ( 'NONE',  #1252 ) ;
#3574 = AXIS2_PLACEMENT_3D ( 'NONE', #2419, #3490, #3006 ) ;
#3575 = LINE ( 'NONE', #127, #1299 ) ;
#3576 = PLANE ( 'NONE',  #1293 ) ;
#3577 = VECTOR ( 'NONE', #1452, 1000.000000000000000 ) ;
#3578 = CARTESIAN_POINT ( 'NONE',  ( 15.29499999999532101, -0.5000000000000000000, -15.19999999999999929 ) ) ;
#3579 = DIRECTION ( 'NONE',  ( 1.000000000000000000, 0.000000000000000000, 0.000000000000000000 ) ) ;
#3580 = VERTEX_POINT ( 'NONE', #1198 ) ;
#3581 = ORIENTED_EDGE ( 'NONE', *, *, #1690, .T. ) ;
#3582 = DIRECTION ( 'NONE',  ( 0.000000000000000000, -0.000000000000000000, 1.000000000000000000 ) ) ;
#3583 = ORIENTED_EDGE ( 'NONE', *, *, #916, .T. ) ;
#3584 = ORIENTED_EDGE ( 'NONE', *, *, #1033, .F. ) ;
#3585 = DIRECTION ( 'NONE',  ( 1.000000000000000000, 0.000000000000000000, 0.000000000000000000 ) ) ;
#3586 = DIRECTION ( 'NONE',  ( 0.000000000000000000, -0.000000000000000000, -1.000000000000000000 ) ) ;
#3587 = EDGE_CURVE ( 'NONE', #17, #1478, #1137, .T. ) ;
#3588 = CARTESIAN_POINT ( 'NONE',  ( 0.000000000000000000, 5.000000000000000000, 0.000000000000000000 ) ) ;
#3589 = ORIENTED_EDGE ( 'NONE', *, *, #3036, .F. ) ;
#3590 = LINE ( 'NONE', #1953, #1957 ) ;
#3591 = LINE ( 'NONE', #1036, #2031 ) ;
#3592 = EDGE_CURVE ( 'NONE', #1301, #1835, #3127, .T. ) ;
#3593 = FACE_OUTER_BOUND ( 'NONE', #3329, .T. ) ;
#3594 = LINE ( 'NONE', #3536, #1966 ) ;
#3595 = LINE ( 'NONE', #2963, #3661 ) ;
#3596 = VERTEX_POINT ( 'NONE', #2339 ) ;
#3597 = VERTEX_POINT ( 'NONE', #14 ) ;
#3598 = ORIENTED_EDGE ( 'NONE', *, *, #2774, .F. ) ;
#3599 = EDGE_LOOP ( 'NONE', ( #59, #356, #890, #761 ) ) ;
#3600 = PLANE ( 'NONE',  #2206 ) ;
#3601 = DIRECTION ( 'NONE',  ( -0.000000000000000000, -1.000000000000000000, -0.000000000000000000 ) ) ;
#3602 = ADVANCED_FACE ( 'NONE', ( #1154 ), #3525, .T. ) ;
#3603 = DIRECTION ( 'NONE',  ( 1.000000000000000000, 0.000000000000000000, 0.000000000000000000 ) ) ;
#3604 = VERTEX_POINT ( 'NONE', #2912 ) ;
#3605 = CARTESIAN_POINT ( 'NONE',  ( 56.40000000000000568, 4.000000000000000000, -41.89999999999999858 ) ) ;
#3606 = PLANE ( 'NONE',  #3630 ) ;
#3607 = AXIS2_PLACEMENT_3D ( 'NONE', #1729, #53, #72 ) ;
#3608 = EDGE_CURVE ( 'NONE', #2766, #70, #3505, .T. ) ;
#3609 = VECTOR ( 'NONE', #2843, 1000.000000000000000 ) ;
#3610 = EDGE_CURVE ( 'NONE', #1733, #240, #2413, .T. ) ;
#3611 = CARTESIAN_POINT ( 'NONE',  ( 0.000000000000000000, 30.00000000000000355, 0.000000000000000000 ) ) ;
#3612 = FACE_OUTER_BOUND ( 'NONE', #1138, .T. ) ;
#3613 = VECTOR ( 'NONE', #582, 1000.000000000000000 ) ;
#3614 = EDGE_CURVE ( 'NONE', #933, #3061, #344, .T. ) ;
#3615 = CIRCLE ( 'NONE', #809, 0.7999999999999899414 ) ;
#3616 = LINE ( 'NONE', #1722, #740 ) ;
#3617 = EDGE_LOOP ( 'NONE', ( #3390, #3508, #1396, #1007 ) ) ;
#3618 = VERTEX_POINT ( 'NONE', #1233 ) ;
#3619 = ORIENTED_EDGE ( 'NONE', *, *, #690, .F. ) ;
#3620 = ORIENTED_EDGE ( 'NONE', *, *, #772, .F. ) ;
#3621 = FACE_OUTER_BOUND ( 'NONE', #1029, .T. ) ;
#3622 = CARTESIAN_POINT ( 'NONE',  ( 58.50000000000000000, -0.5000000000000000000, -11.00000000000000000 ) ) ;
#3623 = DIRECTION ( 'NONE',  ( 0.000000000000000000, 0.000000000000000000, -1.000000000000000000 ) ) ;
#3624 = VECTOR ( 'NONE', #1527, 1000.000000000000000 ) ;
#3625 = ORIENTED_EDGE ( 'NONE', *, *, #2047, .F. ) ;
#3626 = LINE ( 'NONE', #2530, #2197 ) ;
#3627 = CARTESIAN_POINT ( 'NONE',  ( 4.061152553863087623E-13, 5.000000000000000000, -14.50000000000005507 ) ) ;
#3628 = CIRCLE ( 'NONE', #1311, 0.8000000000000020428 ) ;
#3629 = CARTESIAN_POINT ( 'NONE',  ( 4.061152553863087623E-13, 30.00000000000000355, -14.50000000000005507 ) ) ;
#3630 = AXIS2_PLACEMENT_3D ( 'NONE', #490, #3675, #2498 ) ;
#3631 = CARTESIAN_POINT ( 'NONE',  ( 0.000000000000000000, 30.00000000000000355, 0.000000000000000000 ) ) ;
#3632 = EDGE_CURVE ( 'NONE', #1795, #1084, #1831, .T. ) ;
#3633 = VECTOR ( 'NONE', #2644, 1000.000000000000000 ) ;
#3634 = ORIENTED_EDGE ( 'NONE', *, *, #1515, .T. ) ;
#3635 = EDGE_CURVE ( 'NONE', #2297, #2191, #1004, .T. ) ;
#3636 = ORIENTED_EDGE ( 'NONE', *, *, #2111, .F. ) ;
#3637 = ORIENTED_EDGE ( 'NONE', *, *, #1693, .T. ) ;
#3638 = ORIENTED_EDGE ( 'NONE', *, *, #2410, .F. ) ;
#3639 = CARTESIAN_POINT ( 'NONE',  ( 56.40000000000046754, 4.000000000000000000, -13.09999999999999964 ) ) ;
#3640 = DIRECTION ( 'NONE',  ( 0.000000000000000000, 0.000000000000000000, -1.000000000000000000 ) ) ;
#3641 = DIRECTION ( 'NONE',  ( 0.000000000000000000, -1.000000000000000000, 0.000000000000000000 ) ) ;
#3642 = ORIENTED_EDGE ( 'NONE', *, *, #2787, .T. ) ;
#3643 = LINE ( 'NONE', #2790, #2310 ) ;
#3644 = CARTESIAN_POINT ( 'NONE',  ( 69.60000000000027853, 5.000000000000000000, -26.50000000000003908 ) ) ;
#3645 = CARTESIAN_POINT ( 'NONE',  ( 69.60000000000015064, 30.00000000000000355, -37.50000000000002132 ) ) ;
#3646 = CARTESIAN_POINT ( 'NONE',  ( 4.062403897883450968E-13, 30.00000000000000355, -13.50000000000005329 ) ) ;
#3647 = FACE_OUTER_BOUND ( 'NONE', #206, .T. ) ;
#3648 = EDGE_CURVE ( 'NONE', #1516, #2243, #2134, .T. ) ;
#3649 = EDGE_LOOP ( 'NONE', ( #2257, #1454, #2523, #3198 ) ) ;
#3650 = EDGE_CURVE ( 'NONE', #665, #2623, #967, .T. ) ;
#3651 = EDGE_CURVE ( 'NONE', #3056, #3042, #3266, .T. ) ;
#3652 = ORIENTED_EDGE ( 'NONE', *, *, #1860, .F. ) ;
#3653 = ORIENTED_EDGE ( 'NONE', *, *, #2948, .F. ) ;
#3654 = CARTESIAN_POINT ( 'NONE',  ( 4.373548904160248093E-13, 30.00000000000000355, -11.50000000000005862 ) ) ;
#3655 = CARTESIAN_POINT ( 'NONE',  ( 54.30000000000001137, 0.000000000000000000, 0.000000000000000000 ) ) ;
#3656 = LINE ( 'NONE', #1917, #1298 ) ;
#3657 = VERTEX_POINT ( 'NONE', #1569 ) ;
#3658 = CARTESIAN_POINT ( 'NONE',  ( 0.000000000000000000, 5.000000000000000000, 0.000000000000000000 ) ) ;
#3659 = FACE_OUTER_BOUND ( 'NONE', #3190, .T. ) ;
#3660 = CARTESIAN_POINT ( 'NONE',  ( 0.000000000000000000, 5.000000000000000000, -46.50000000000000711 ) ) ;
#3661 = VECTOR ( 'NONE', #1622, 1000.000000000000000 ) ;
#3662 = LINE ( 'NONE', #1343, #3509 ) ;
#3663 = CARTESIAN_POINT ( 'NONE',  ( 13.19999999999999929, -0.5000000000000014433, -41.89999999999999858 ) ) ;
#3664 = AXIS2_PLACEMENT_3D ( 'NONE', #1388, #1354, #1970 ) ;
#3665 = EDGE_CURVE ( 'NONE', #1925, #3550, #387, .T. ) ;
#3666 = ORIENTED_EDGE ( 'NONE', *, *, #210, .F. ) ;
#3667 = VECTOR ( 'NONE', #857, 1000.000000000000000 ) ;
#3668 = VERTEX_POINT ( 'NONE', #2377 ) ;
#3669 = VERTEX_POINT ( 'NONE', #1291 ) ;
#3670 = PLANE ( 'NONE',  #1603 ) ;
#3671 = EDGE_CURVE ( 'NONE', #2139, #1511, #3483, .T. ) ;
#3672 = LINE ( 'NONE', #2475, #450 ) ;
#3673 = ORIENTED_EDGE ( 'NONE', *, *, #1796, .F. ) ;
#3674 = FACE_OUTER_BOUND ( 'NONE', #1964, .T. ) ;
#3675 = DIRECTION ( 'NONE',  ( 0.000000000000000000, 0.000000000000000000, 1.000000000000000000 ) ) ;
#3676 = ADVANCED_FACE ( 'NONE', ( #2156 ), #2965, .T. ) ;
#3677 = PLANE ( 'NONE',  #1948 ) ;
#3678 = CARTESIAN_POINT ( 'NONE',  ( 69.60000000000006537, 30.00000000000000355, -47.50000000000000711 ) ) ;
#3679 = LINE ( 'NONE', #1130, #349 ) ;
#3680 = VECTOR ( 'NONE', #2768, 1000.000000000000000 ) ;
#3681 = VECTOR ( 'NONE', #1944, 1000.000000000000000 ) ;
#3682 = CARTESIAN_POINT ( 'NONE',  ( 3.750007547586290498E-13, 30.00000000000000355, -16.50000000000004974 ) ) ;
#3683 = AXIS2_PLACEMENT_3D ( 'NONE', #2648, #580, #880 ) ;
#3684 = AXIS2_PLACEMENT_3D ( 'NONE', #2977, #2995, #674 ) ;
#3685 = ORIENTED_EDGE ( 'NONE', *, *, #1221, .T. ) ;
#3686 = ORIENTED_EDGE ( 'NONE', *, *, #2096, .F. ) ;
#3687 = ORIENTED_EDGE ( 'NONE', *, *, #2202, .F. ) ;
#3688 = FACE_OUTER_BOUND ( 'NONE', #3105, .T. ) ;
#3689 = ORIENTED_EDGE ( 'NONE', *, *, #2909, .T. ) ;
ENDSEC;
END-ISO-10303-21;
